numero,filename,class,origin,source_file,row_idx
1,0001.txt,non-phishing,ai,A_L_kaggle.csv,660
2,0002.txt,phishing,manuale,M_P_L_Nigerian_5.csv,3715
3,0003.txt,non-phishing,manuale,M_P_L_Nigerian_5.csv,5947
4,0004.txt,non-phishing,manuale,M_P_L_Nigerian_5.csv,6277
5,0005.txt,non-phishing,manuale,M_P_L_Nigerian_5.csv,8
6,0006.txt,phishing,manuale,M_P_L_Nigerian_5.csv,4814
7,0007.txt,non-phishing,ai,A_L_kaggle.csv,709
8,0008.txt,non-phishing,manuale,M_P_L_Nigerian_5.csv,60
9,0009.txt,non-phishing,manuale,M_P_L_Nigerian_5.csv,6081
10,0010.txt,non-phishing,manuale,M_P_L_Nigerian_5.csv,973
11,0011.txt,phishing,manuale,M_P_L_Nigerian_5.csv,2684
12,0012.txt,non-phishing,ai,A_L_kaggle.csv,834
13,0013.txt,non-phishing,manuale,M_P_L_Nigerian_5.csv,1659
14,0014.txt,non-phishing,ai,A_L_kaggle.csv,364
15,0015.txt,phishing,manuale,M_P_Nazario.csv,247
16,0016.txt,non-phishing,manuale,M_P_L_Nigerian_5.csv,5815
17,0017.txt,non-phishing,ai,A_L_kaggle.csv,391
18,0018.txt,phishing,manuale,M_P_Nazario.csv,1258
19,0019.txt,phishing,manuale,M_P_L_Nigerian_5.csv,2730
20,0020.txt,non-phishing,manuale,M_P_L_Nigerian_5.csv,459
21,0021.txt,non-phishing,ai,A_L_kaggle.csv,238
22,0022.txt,non-phishing,manuale,M_P_L_Nigerian_5.csv,5201
23,0023.txt,non-phishing,ai,A_L_kaggle.csv,864
24,0024.txt,non-phishing,manuale,M_P_L_Nigerian_5.csv,5671
25,0025.txt,non-phishing,manuale,M_P_L_Nigerian_5.csv,6103
26,0026.txt,non-phishing,ai,A_L_kaggle.csv,796
27,0027.txt,non-phishing,manuale,M_P_L_Nigerian_5.csv,425
28,0028.txt,non-phishing,manuale,M_P_L_Nigerian_5.csv,6168
29,0029.txt,non-phishing,ai,A_L_kaggle.csv,714
30,0030.txt,phishing,ai,A_P_synthetic_phish.csv,2983
31,0031.txt,phishing,manuale,M_P_L_Nigerian_5.csv,3288
32,0032.txt,non-phishing,manuale,M_P_L_Nigerian_5.csv,1435
33,0033.txt,phishing,ai,A_P_synthetic_phish.csv,355
34,0034.txt,phishing,manuale,M_P_Nazario.csv,555
35,0035.txt,non-phishing,ai,A_L_kaggle.csv,969
36,0036.txt,non-phishing,manuale,M_P_L_Nigerian_5.csv,309
37,0037.txt,phishing,manuale,M_P_Nazario.csv,435
38,0038.txt,phishing,manuale,M_P_L_Nigerian_5.csv,1858
39,0039.txt,phishing,ai,A_P_synthetic_phish.csv,657
40,0040.txt,phishing,manuale,M_P_L_Nigerian_5.csv,2189
41,0041.txt,phishing,manuale,M_P_Nazario.csv,349
42,0042.txt,phishing,manuale,M_P_L_Nigerian_5.csv,2387
43,0043.txt,phishing,ai,A_P_synthetic_phish.csv,3750
44,0044.txt,non-phishing,ai,A_L_kaggle.csv,32
45,0045.txt,phishing,ai,A_P_synthetic_phish.csv,3156
46,0046.txt,phishing,ai,A_P_synthetic_phish.csv,778
47,0047.txt,non-phishing,manuale,M_P_L_Nigerian_5.csv,5215
48,0048.txt,non-phishing,ai,A_L_kaggle.csv,633
49,0049.txt,phishing,manuale,M_P_Nazario.csv,172
50,0050.txt,phishing,ai,A_P_synthetic_phish.csv,850
51,0051.txt,non-phishing,manuale,M_P_L_Nigerian_5.csv,281
52,0052.txt,non-phishing,manuale,M_P_L_Nigerian_5.csv,1605
53,0053.txt,non-phishing,manuale,M_P_L_Nigerian_5.csv,329
54,0054.txt,phishing,manuale,M_P_Nazario.csv,1324
55,0055.txt,phishing,manuale,M_P_Nazario.csv,1234
56,0056.txt,phishing,manuale,M_P_Nazario.csv,81
57,0057.txt,phishing,ai,A_P_synthetic_phish.csv,1306
58,0058.txt,non-phishing,ai,A_L_kaggle.csv,696
59,0059.txt,non-phishing,manuale,M_P_L_Nigerian_5.csv,5397
60,0060.txt,non-phishing,ai,A_L_kaggle.csv,851
61,0061.txt,phishing,manuale,M_P_L_Nigerian_5.csv,3132
62,0062.txt,non-phishing,ai,A_L_kaggle.csv,873
63,0063.txt,phishing,ai,A_P_synthetic_phish.csv,1907
64,0064.txt,non-phishing,manuale,M_P_L_Nigerian_5.csv,5730
65,0065.txt,phishing,manuale,M_P_L_Nigerian_5.csv,2324
66,0066.txt,phishing,manuale,M_P_L_Nigerian_5.csv,4238
67,0067.txt,non-phishing,manuale,M_P_L_Nigerian_5.csv,5479
68,0068.txt,non-phishing,manuale,M_P_L_Nigerian_5.csv,6049
69,0069.txt,phishing,manuale,M_P_L_Nigerian_5.csv,5111
70,0070.txt,non-phishing,manuale,M_P_L_Nigerian_5.csv,5327
71,0071.txt,phishing,manuale,M_P_L_Nigerian_5.csv,2613
72,0072.txt,phishing,ai,A_P_synthetic_phish.csv,260
73,0073.txt,phishing,manuale,M_P_Nazario.csv,478
74,0074.txt,non-phishing,ai,A_L_kaggle.csv,885
75,0075.txt,phishing,manuale,M_P_L_Nigerian_5.csv,2247
76,0076.txt,non-phishing,manuale,M_P_L_Nigerian_5.csv,298
77,0077.txt,non-phishing,ai,A_L_kaggle.csv,957
78,0078.txt,non-phishing,manuale,M_P_L_Nigerian_5.csv,1174
79,0079.txt,non-phishing,ai,A_L_kaggle.csv,756
80,0080.txt,phishing,ai,A_P_synthetic_phish.csv,1991
81,0081.txt,non-phishing,manuale,M_P_L_Nigerian_5.csv,1740
82,0082.txt,phishing,manuale,M_P_Nazario.csv,307
83,0083.txt,non-phishing,manuale,M_P_L_Nigerian_5.csv,301
84,0084.txt,phishing,manuale,M_P_Nazario.csv,614
85,0085.txt,non-phishing,ai,A_L_kaggle.csv,483
86,0086.txt,non-phishing,manuale,M_P_L_Nigerian_5.csv,5147
87,0087.txt,non-phishing,manuale,M_P_L_Nigerian_5.csv,5614
88,0088.txt,phishing,manuale,M_P_L_Nigerian_5.csv,4806
89,0089.txt,phishing,manuale,M_P_L_Nigerian_5.csv,3822
90,0090.txt,phishing,manuale,M_P_L_Nigerian_5.csv,2424
91,0091.txt,non-phishing,ai,A_L_kaggle.csv,175
92,0092.txt,non-phishing,manuale,M_P_L_Nigerian_5.csv,5410
93,0093.txt,non-phishing,manuale,M_P_L_Nigerian_5.csv,5935
94,0094.txt,phishing,manuale,M_P_L_Nigerian_5.csv,3582
95,0095.txt,phishing,manuale,M_P_Nazario.csv,394
96,0096.txt,phishing,ai,A_P_synthetic_phish.csv,769
97,0097.txt,non-phishing,manuale,M_P_L_Nigerian_5.csv,439
98,0098.txt,non-phishing,manuale,M_P_L_Nigerian_5.csv,1033
99,0099.txt,phishing,manuale,M_P_L_Nigerian_5.csv,3384
100,0100.txt,phishing,ai,A_P_synthetic_phish.csv,2398
101,0101.txt,phishing,manuale,M_P_Nazario.csv,10
102,0102.txt,phishing,ai,A_P_synthetic_phish.csv,2106
103,0103.txt,non-phishing,manuale,M_P_L_Nigerian_5.csv,6330
104,0104.txt,phishing,manuale,M_P_L_Nigerian_5.csv,3805
105,0105.txt,non-phishing,manuale,M_P_L_Nigerian_5.csv,6191
106,0106.txt,phishing,manuale,M_P_L_Nigerian_5.csv,2278
107,0107.txt,phishing,ai,A_P_synthetic_phish.csv,3773
108,0108.txt,non-phishing,manuale,M_P_L_Nigerian_5.csv,612
109,0109.txt,phishing,ai,A_P_synthetic_phish.csv,2946
110,0110.txt,phishing,ai,A_P_synthetic_phish.csv,1630
111,0111.txt,phishing,manuale,M_P_L_Nigerian_5.csv,2871
112,0112.txt,non-phishing,manuale,M_P_L_Nigerian_5.csv,968
113,0113.txt,non-phishing,ai,A_L_kaggle.csv,323
114,0114.txt,phishing,ai,A_P_synthetic_phish.csv,2374
115,0115.txt,non-phishing,manuale,M_P_L_Nigerian_5.csv,5418
116,0116.txt,phishing,ai,A_P_synthetic_phish.csv,244
117,0117.txt,phishing,manuale,M_P_L_Nigerian_5.csv,4743
118,0118.txt,non-phishing,manuale,M_P_L_Nigerian_5.csv,6055
119,0119.txt,non-phishing,ai,A_L_kaggle.csv,103
120,0120.txt,phishing,manuale,M_P_Nazario.csv,1087
121,0121.txt,non-phishing,ai,A_L_kaggle.csv,415
122,0122.txt,non-phishing,manuale,M_P_L_Nigerian_5.csv,5728
123,0123.txt,phishing,ai,A_P_synthetic_phish.csv,2510
124,0124.txt,phishing,manuale,M_P_L_Nigerian_5.csv,2286
125,0125.txt,non-phishing,manuale,M_P_L_Nigerian_5.csv,6271
126,0126.txt,non-phishing,manuale,M_P_L_Nigerian_5.csv,636
127,0127.txt,phishing,ai,A_P_synthetic_phish.csv,649
128,0128.txt,phishing,manuale,M_P_L_Nigerian_5.csv,2300
129,0129.txt,non-phishing,manuale,M_P_L_Nigerian_5.csv,1173
130,0130.txt,non-phishing,manuale,M_P_L_Nigerian_5.csv,5408
131,0131.txt,non-phishing,manuale,M_P_L_Nigerian_5.csv,1290
132,0132.txt,phishing,manuale,M_P_Nazario.csv,595
133,0133.txt,phishing,manuale,M_P_L_Nigerian_5.csv,3394
134,0134.txt,phishing,ai,A_P_synthetic_phish.csv,375
135,0135.txt,non-phishing,manuale,M_P_L_Nigerian_5.csv,6009
136,0136.txt,phishing,manuale,M_P_L_Nigerian_5.csv,2618
137,0137.txt,phishing,manuale,M_P_Nazario.csv,1446
138,0138.txt,non-phishing,manuale,M_P_L_Nigerian_5.csv,5597
139,0139.txt,phishing,manuale,M_P_L_Nigerian_5.csv,2903
140,0140.txt,non-phishing,manuale,M_P_L_Nigerian_5.csv,5653
141,0141.txt,phishing,ai,A_P_synthetic_phish.csv,852
142,0142.txt,non-phishing,manuale,M_P_L_Nigerian_5.csv,1160
143,0143.txt,phishing,ai,A_P_synthetic_phish.csv,803
144,0144.txt,phishing,manuale,M_P_L_Nigerian_5.csv,2849
145,0145.txt,phishing,ai,A_P_synthetic_phish.csv,2545
146,0146.txt,phishing,manuale,M_P_Nazario.csv,811
147,0147.txt,non-phishing,manuale,M_P_L_Nigerian_5.csv,781
148,0148.txt,phishing,manuale,M_P_Nazario.csv,724
149,0149.txt,phishing,ai,A_P_synthetic_phish.csv,720
150,0150.txt,non-phishing,manuale,M_P_L_Nigerian_5.csv,5773
151,0151.txt,phishing,manuale,M_P_Nazario.csv,1141
152,0152.txt,phishing,manuale,M_P_L_Nigerian_5.csv,3862
153,0153.txt,non-phishing,manuale,M_P_L_Nigerian_5.csv,5290
154,0154.txt,phishing,manuale,M_P_L_Nigerian_5.csv,3632
155,0155.txt,non-phishing,manuale,M_P_L_Nigerian_5.csv,1221
156,0156.txt,non-phishing,manuale,M_P_L_Nigerian_5.csv,233
157,0157.txt,phishing,manuale,M_P_L_Nigerian_5.csv,4623
158,0158.txt,phishing,manuale,M_P_Nazario.csv,1123
159,0159.txt,non-phishing,manuale,M_P_L_Nigerian_5.csv,336
160,0160.txt,non-phishing,manuale,M_P_L_Nigerian_5.csv,6219
161,0161.txt,non-phishing,ai,A_L_kaggle.csv,167
162,0162.txt,non-phishing,manuale,M_P_L_Nigerian_5.csv,1086
163,0163.txt,non-phishing,manuale,M_P_L_Nigerian_5.csv,5552
164,0164.txt,phishing,manuale,M_P_L_Nigerian_5.csv,2553
165,0165.txt,non-phishing,manuale,M_P_L_Nigerian_5.csv,1292
166,0166.txt,phishing,manuale,M_P_Nazario.csv,822
167,0167.txt,phishing,ai,A_P_synthetic_phish.csv,1170
168,0168.txt,phishing,manuale,M_P_Nazario.csv,882
169,0169.txt,non-phishing,manuale,M_P_L_Nigerian_5.csv,38
170,0170.txt,non-phishing,manuale,M_P_L_Nigerian_5.csv,5936
171,0171.txt,non-phishing,manuale,M_P_L_Nigerian_5.csv,1139
172,0172.txt,phishing,ai,A_P_synthetic_phish.csv,217
173,0173.txt,non-phishing,manuale,M_P_L_Nigerian_5.csv,982
174,0174.txt,phishing,manuale,M_P_L_Nigerian_5.csv,2954
175,0175.txt,phishing,manuale,M_P_Nazario.csv,963
176,0176.txt,non-phishing,ai,A_L_kaggle.csv,224
177,0177.txt,phishing,manuale,M_P_L_Nigerian_5.csv,5084
178,0178.txt,phishing,manuale,M_P_L_Nigerian_5.csv,2992
179,0179.txt,phishing,ai,A_P_synthetic_phish.csv,1687
180,0180.txt,non-phishing,ai,A_L_kaggle.csv,392
181,0181.txt,phishing,manuale,M_P_Nazario.csv,182
182,0182.txt,phishing,ai,A_P_synthetic_phish.csv,1041
183,0183.txt,phishing,manuale,M_P_L_Nigerian_5.csv,3175
184,0184.txt,non-phishing,manuale,M_P_L_Nigerian_5.csv,410
185,0185.txt,non-phishing,manuale,M_P_L_Nigerian_5.csv,1627
186,0186.txt,phishing,ai,A_P_synthetic_phish.csv,4933
187,0187.txt,non-phishing,manuale,M_P_L_Nigerian_5.csv,6089
188,0188.txt,non-phishing,manuale,M_P_L_Nigerian_5.csv,1077
189,0189.txt,phishing,manuale,M_P_L_Nigerian_5.csv,4018
190,0190.txt,non-phishing,manuale,M_P_L_Nigerian_5.csv,209
191,0191.txt,non-phishing,ai,A_L_kaggle.csv,711
192,0192.txt,non-phishing,ai,A_L_kaggle.csv,673
193,0193.txt,non-phishing,ai,A_L_kaggle.csv,166
194,0194.txt,non-phishing,ai,A_L_kaggle.csv,556
195,0195.txt,phishing,manuale,M_P_Nazario.csv,1143
196,0196.txt,non-phishing,manuale,M_P_L_Nigerian_5.csv,5882
197,0197.txt,phishing,manuale,M_P_L_Nigerian_5.csv,3985
198,0198.txt,non-phishing,manuale,M_P_L_Nigerian_5.csv,1670
199,0199.txt,non-phishing,ai,A_L_kaggle.csv,380
200,0200.txt,non-phishing,manuale,M_P_L_Nigerian_5.csv,5874
201,0201.txt,non-phishing,manuale,M_P_L_Nigerian_5.csv,683
202,0202.txt,non-phishing,manuale,M_P_L_Nigerian_5.csv,5540
203,0203.txt,phishing,manuale,M_P_L_Nigerian_5.csv,3878
204,0204.txt,non-phishing,manuale,M_P_L_Nigerian_5.csv,5309
205,0205.txt,non-phishing,ai,A_L_kaggle.csv,73
206,0206.txt,phishing,manuale,M_P_L_Nigerian_5.csv,4354
207,0207.txt,phishing,manuale,M_P_L_Nigerian_5.csv,2708
208,0208.txt,phishing,manuale,M_P_L_Nigerian_5.csv,2218
209,0209.txt,non-phishing,ai,A_L_kaggle.csv,728
210,0210.txt,non-phishing,manuale,M_P_L_Nigerian_5.csv,1738
211,0211.txt,non-phishing,manuale,M_P_L_Nigerian_5.csv,5339
212,0212.txt,phishing,manuale,M_P_L_Nigerian_5.csv,2809
213,0213.txt,phishing,ai,A_P_synthetic_phish.csv,3349
214,0214.txt,non-phishing,manuale,M_P_L_Nigerian_5.csv,32
215,0215.txt,phishing,manuale,M_P_L_Nigerian_5.csv,2726
216,0216.txt,non-phishing,manuale,M_P_L_Nigerian_5.csv,866
217,0217.txt,non-phishing,manuale,M_P_L_Nigerian_5.csv,5513
218,0218.txt,phishing,manuale,M_P_L_Nigerian_5.csv,4995
219,0219.txt,phishing,manuale,M_P_L_Nigerian_5.csv,4388
220,0220.txt,non-phishing,manuale,M_P_L_Nigerian_5.csv,379
221,0221.txt,non-phishing,manuale,M_P_L_Nigerian_5.csv,5609
222,0222.txt,non-phishing,manuale,M_P_L_Nigerian_5.csv,638
223,0223.txt,phishing,manuale,M_P_L_Nigerian_5.csv,2328
224,0224.txt,non-phishing,manuale,M_P_L_Nigerian_5.csv,1120
225,0225.txt,phishing,manuale,M_P_L_Nigerian_5.csv,3455
226,0226.txt,phishing,manuale,M_P_L_Nigerian_5.csv,3117
227,0227.txt,non-phishing,manuale,M_P_L_Nigerian_5.csv,5644
228,0228.txt,non-phishing,manuale,M_P_L_Nigerian_5.csv,1410
229,0229.txt,phishing,manuale,M_P_L_Nigerian_5.csv,3383
230,0230.txt,non-phishing,manuale,M_P_L_Nigerian_5.csv,1088
231,0231.txt,phishing,ai,A_P_synthetic_phish.csv,3018
232,0232.txt,non-phishing,manuale,M_P_L_Nigerian_5.csv,6073
233,0233.txt,phishing,ai,A_P_synthetic_phish.csv,3365
234,0234.txt,phishing,manuale,M_P_Nazario.csv,593
235,0235.txt,non-phishing,manuale,M_P_L_Nigerian_5.csv,163
236,0236.txt,non-phishing,manuale,M_P_L_Nigerian_5.csv,648
237,0237.txt,non-phishing,manuale,M_P_L_Nigerian_5.csv,1301
238,0238.txt,phishing,manuale,M_P_L_Nigerian_5.csv,3624
239,0239.txt,phishing,manuale,M_P_Nazario.csv,1058
240,0240.txt,phishing,manuale,M_P_L_Nigerian_5.csv,4004
241,0241.txt,phishing,manuale,M_P_L_Nigerian_5.csv,2357
242,0242.txt,phishing,ai,A_P_synthetic_phish.csv,572
243,0243.txt,non-phishing,ai,A_L_kaggle.csv,474
244,0244.txt,phishing,manuale,M_P_L_Nigerian_5.csv,2964
245,0245.txt,phishing,manuale,M_P_Nazario.csv,1548
246,0246.txt,phishing,ai,A_P_synthetic_phish.csv,1836
247,0247.txt,non-phishing,manuale,M_P_L_Nigerian_5.csv,5710
248,0248.txt,non-phishing,manuale,M_P_L_Nigerian_5.csv,1092
249,0249.txt,non-phishing,manuale,M_P_L_Nigerian_5.csv,235
250,0250.txt,phishing,manuale,M_P_L_Nigerian_5.csv,3669
251,0251.txt,phishing,manuale,M_P_Nazario.csv,546
252,0252.txt,phishing,ai,A_P_synthetic_phish.csv,204
253,0253.txt,non-phishing,manuale,M_P_L_Nigerian_5.csv,1519
254,0254.txt,non-phishing,manuale,M_P_L_Nigerian_5.csv,492
255,0255.txt,non-phishing,manuale,M_P_L_Nigerian_5.csv,676
256,0256.txt,phishing,manuale,M_P_L_Nigerian_5.csv,2711
257,0257.txt,non-phishing,manuale,M_P_L_Nigerian_5.csv,181
258,0258.txt,non-phishing,manuale,M_P_L_Nigerian_5.csv,383
259,0259.txt,phishing,manuale,M_P_Nazario.csv,1547
260,0260.txt,non-phishing,ai,A_L_kaggle.csv,216
261,0261.txt,phishing,manuale,M_P_Nazario.csv,698
262,0262.txt,phishing,manuale,M_P_L_Nigerian_5.csv,4615
263,0263.txt,phishing,ai,A_P_synthetic_phish.csv,4147
264,0264.txt,phishing,manuale,M_P_Nazario.csv,509
265,0265.txt,phishing,manuale,M_P_L_Nigerian_5.csv,3074
266,0266.txt,phishing,ai,A_P_synthetic_phish.csv,3779
267,0267.txt,non-phishing,manuale,M_P_L_Nigerian_5.csv,5504
268,0268.txt,non-phishing,manuale,M_P_L_Nigerian_5.csv,5635
269,0269.txt,phishing,manuale,M_P_L_Nigerian_5.csv,4412
270,0270.txt,phishing,manuale,M_P_Nazario.csv,1508
271,0271.txt,non-phishing,manuale,M_P_L_Nigerian_5.csv,1013
272,0272.txt,phishing,manuale,M_P_Nazario.csv,898
273,0273.txt,phishing,ai,A_P_synthetic_phish.csv,1947
274,0274.txt,phishing,manuale,M_P_L_Nigerian_5.csv,2371
275,0275.txt,non-phishing,manuale,M_P_L_Nigerian_5.csv,1558
276,0276.txt,phishing,manuale,M_P_L_Nigerian_5.csv,1826
277,0277.txt,phishing,ai,A_P_synthetic_phish.csv,3183
278,0278.txt,non-phishing,ai,A_L_kaggle.csv,332
279,0279.txt,phishing,manuale,M_P_L_Nigerian_5.csv,3328
280,0280.txt,non-phishing,manuale,M_P_L_Nigerian_5.csv,537
281,0281.txt,phishing,manuale,M_P_L_Nigerian_5.csv,3852
282,0282.txt,non-phishing,manuale,M_P_L_Nigerian_5.csv,39
283,0283.txt,phishing,manuale,M_P_Nazario.csv,185
284,0284.txt,phishing,manuale,M_P_Nazario.csv,1118
285,0285.txt,phishing,manuale,M_P_L_Nigerian_5.csv,3792
286,0286.txt,non-phishing,manuale,M_P_L_Nigerian_5.csv,6030
287,0287.txt,non-phishing,manuale,M_P_L_Nigerian_5.csv,536
288,0288.txt,phishing,manuale,M_P_L_Nigerian_5.csv,3990
289,0289.txt,phishing,manuale,M_P_Nazario.csv,1144
290,0290.txt,non-phishing,manuale,M_P_L_Nigerian_5.csv,1073
291,0291.txt,non-phishing,manuale,M_P_L_Nigerian_5.csv,240
292,0292.txt,phishing,manuale,M_P_L_Nigerian_5.csv,4541
293,0293.txt,phishing,manuale,M_P_L_Nigerian_5.csv,3145
294,0294.txt,non-phishing,manuale,M_P_L_Nigerian_5.csv,646
295,0295.txt,non-phishing,ai,A_L_kaggle.csv,804
296,0296.txt,phishing,manuale,M_P_L_Nigerian_5.csv,4605
297,0297.txt,phishing,manuale,M_P_Nazario.csv,1403
298,0298.txt,non-phishing,manuale,M_P_L_Nigerian_5.csv,5843
299,0299.txt,non-phishing,manuale,M_P_L_Nigerian_5.csv,6228
300,0300.txt,non-phishing,manuale,M_P_L_Nigerian_5.csv,250
301,0301.txt,phishing,manuale,M_P_L_Nigerian_5.csv,4278
302,0302.txt,phishing,manuale,M_P_L_Nigerian_5.csv,2059
303,0303.txt,phishing,manuale,M_P_Nazario.csv,1373
304,0304.txt,phishing,manuale,M_P_Nazario.csv,935
305,0305.txt,phishing,manuale,M_P_L_Nigerian_5.csv,4490
306,0306.txt,non-phishing,manuale,M_P_L_Nigerian_5.csv,879
307,0307.txt,phishing,manuale,M_P_L_Nigerian_5.csv,4906
308,0308.txt,non-phishing,ai,A_L_kaggle.csv,214
309,0309.txt,non-phishing,manuale,M_P_L_Nigerian_5.csv,1234
310,0310.txt,non-phishing,manuale,M_P_L_Nigerian_5.csv,543
311,0311.txt,non-phishing,manuale,M_P_L_Nigerian_5.csv,5132
312,0312.txt,non-phishing,manuale,M_P_L_Nigerian_5.csv,1757
313,0313.txt,non-phishing,manuale,M_P_L_Nigerian_5.csv,663
314,0314.txt,phishing,manuale,M_P_Nazario.csv,1372
315,0315.txt,non-phishing,manuale,M_P_L_Nigerian_5.csv,5331
316,0316.txt,non-phishing,manuale,M_P_L_Nigerian_5.csv,1091
317,0317.txt,phishing,ai,A_P_synthetic_phish.csv,929
318,0318.txt,non-phishing,manuale,M_P_L_Nigerian_5.csv,5981
319,0319.txt,phishing,ai,A_P_synthetic_phish.csv,1340
320,0320.txt,phishing,manuale,M_P_L_Nigerian_5.csv,4969
321,0321.txt,non-phishing,ai,A_L_kaggle.csv,274
322,0322.txt,non-phishing,manuale,M_P_L_Nigerian_5.csv,765
323,0323.txt,phishing,manuale,M_P_Nazario.csv,1263
324,0324.txt,non-phishing,manuale,M_P_L_Nigerian_5.csv,6016
325,0325.txt,non-phishing,manuale,M_P_L_Nigerian_5.csv,241
326,0326.txt,non-phishing,manuale,M_P_L_Nigerian_5.csv,1723
327,0327.txt,phishing,manuale,M_P_L_Nigerian_5.csv,2605
328,0328.txt,phishing,manuale,M_P_L_Nigerian_5.csv,1960
329,0329.txt,phishing,manuale,M_P_Nazario.csv,1229
330,0330.txt,phishing,manuale,M_P_L_Nigerian_5.csv,2582
331,0331.txt,non-phishing,manuale,M_P_L_Nigerian_5.csv,5709
332,0332.txt,non-phishing,manuale,M_P_L_Nigerian_5.csv,5604
333,0333.txt,non-phishing,manuale,M_P_L_Nigerian_5.csv,473
334,0334.txt,phishing,manuale,M_P_L_Nigerian_5.csv,1895
335,0335.txt,non-phishing,manuale,M_P_L_Nigerian_5.csv,5775
336,0336.txt,non-phishing,manuale,M_P_L_Nigerian_5.csv,837
337,0337.txt,phishing,manuale,M_P_L_Nigerian_5.csv,3891
338,0338.txt,non-phishing,ai,A_L_kaggle.csv,374
339,0339.txt,phishing,ai,A_P_synthetic_phish.csv,4595
340,0340.txt,phishing,manuale,M_P_L_Nigerian_5.csv,2509
341,0341.txt,non-phishing,manuale,M_P_L_Nigerian_5.csv,6280
342,0342.txt,non-phishing,manuale,M_P_L_Nigerian_5.csv,1372
343,0343.txt,non-phishing,manuale,M_P_L_Nigerian_5.csv,1648
344,0344.txt,non-phishing,manuale,M_P_L_Nigerian_5.csv,5210
345,0345.txt,non-phishing,manuale,M_P_L_Nigerian_5.csv,1232
346,0346.txt,non-phishing,manuale,M_P_L_Nigerian_5.csv,5563
347,0347.txt,phishing,ai,A_P_synthetic_phish.csv,2277
348,0348.txt,phishing,manuale,M_P_Nazario.csv,277
349,0349.txt,phishing,manuale,M_P_L_Nigerian_5.csv,2452
350,0350.txt,phishing,manuale,M_P_L_Nigerian_5.csv,3705
351,0351.txt,non-phishing,ai,A_L_kaggle.csv,67
352,0352.txt,non-phishing,manuale,M_P_L_Nigerian_5.csv,877
353,0353.txt,non-phishing,manuale,M_P_L_Nigerian_5.csv,6153
354,0354.txt,phishing,manuale,M_P_Nazario.csv,225
355,0355.txt,phishing,manuale,M_P_L_Nigerian_5.csv,5114
356,0356.txt,phishing,manuale,M_P_Nazario.csv,1068
357,0357.txt,phishing,manuale,M_P_Nazario.csv,1046
358,0358.txt,phishing,manuale,M_P_L_Nigerian_5.csv,3868
359,0359.txt,phishing,manuale,M_P_L_Nigerian_5.csv,3568
360,0360.txt,phishing,manuale,M_P_Nazario.csv,1516
361,0361.txt,phishing,manuale,M_P_L_Nigerian_5.csv,2970
362,0362.txt,phishing,ai,A_P_synthetic_phish.csv,4049
363,0363.txt,phishing,manuale,M_P_L_Nigerian_5.csv,1973
364,0364.txt,non-phishing,ai,A_L_kaggle.csv,284
365,0365.txt,non-phishing,manuale,M_P_L_Nigerian_5.csv,551
366,0366.txt,non-phishing,ai,A_L_kaggle.csv,665
367,0367.txt,phishing,manuale,M_P_L_Nigerian_5.csv,2753
368,0368.txt,non-phishing,manuale,M_P_L_Nigerian_5.csv,14
369,0369.txt,non-phishing,manuale,M_P_L_Nigerian_5.csv,1005
370,0370.txt,phishing,manuale,M_P_L_Nigerian_5.csv,3780
371,0371.txt,phishing,manuale,M_P_Nazario.csv,703
372,0372.txt,non-phishing,ai,A_L_kaggle.csv,234
373,0373.txt,phishing,ai,A_P_synthetic_phish.csv,1866
374,0374.txt,phishing,manuale,M_P_L_Nigerian_5.csv,4114
375,0375.txt,non-phishing,ai,A_L_kaggle.csv,57
376,0376.txt,non-phishing,ai,A_L_kaggle.csv,580
377,0377.txt,phishing,manuale,M_P_Nazario.csv,764
378,0378.txt,non-phishing,ai,A_L_kaggle.csv,276
379,0379.txt,non-phishing,manuale,M_P_L_Nigerian_5.csv,840
380,0380.txt,phishing,manuale,M_P_L_Nigerian_5.csv,2386
381,0381.txt,non-phishing,manuale,M_P_L_Nigerian_5.csv,206
382,0382.txt,phishing,manuale,M_P_L_Nigerian_5.csv,3562
383,0383.txt,non-phishing,ai,A_L_kaggle.csv,897
384,0384.txt,non-phishing,manuale,M_P_L_Nigerian_5.csv,282
385,0385.txt,phishing,manuale,M_P_Nazario.csv,174
386,0386.txt,non-phishing,manuale,M_P_L_Nigerian_5.csv,1245
387,0387.txt,phishing,manuale,M_P_L_Nigerian_5.csv,4002
388,0388.txt,phishing,manuale,M_P_L_Nigerian_5.csv,3473
389,0389.txt,phishing,ai,A_P_synthetic_phish.csv,2400
390,0390.txt,phishing,manuale,M_P_L_Nigerian_5.csv,4902
391,0391.txt,phishing,manuale,M_P_L_Nigerian_5.csv,1803
392,0392.txt,phishing,ai,A_P_synthetic_phish.csv,53
393,0393.txt,non-phishing,ai,A_L_kaggle.csv,273
394,0394.txt,phishing,manuale,M_P_Nazario.csv,47
395,0395.txt,non-phishing,ai,A_L_kaggle.csv,250
396,0396.txt,non-phishing,manuale,M_P_L_Nigerian_5.csv,5558
397,0397.txt,non-phishing,manuale,M_P_L_Nigerian_5.csv,279
398,0398.txt,phishing,manuale,M_P_Nazario.csv,417
399,0399.txt,phishing,ai,A_P_synthetic_phish.csv,1881
400,0400.txt,non-phishing,manuale,M_P_L_Nigerian_5.csv,895
2001,2001.txt,phishing,mistral-small:24b,n/d,0
2002,2002.txt,non-phishing,mistral-small:24b,n/d,0
2003,2003.txt,non-phishing,mistral-small:24b,n/d,0
2004,2004.txt,phishing,mistral-small:24b,n/d,0
2005,2005.txt,phishing,mistral-small:24b,n/d,0
2006,2006.txt,phishing,mistral-small:24b,n/d,0
2007,2007.txt,non-phishing,mistral-small:24b,n/d,0
2008,2008.txt,non-phishing,mistral-small:24b,n/d,0
2009,2009.txt,phishing,mistral-small:24b,n/d,0
2010,2010.txt,non-phishing,mistral-small:24b,n/d,0
2011,2011.txt,non-phishing,mistral-small:24b,n/d,0
2012,2012.txt,phishing,mistral-small:24b,n/d,0
2013,2013.txt,phishing,mistral-small:24b,n/d,0
2014,2014.txt,phishing,mistral-small:24b,n/d,0
2015,2015.txt,non-phishing,mistral-small:24b,n/d,0
2016,2016.txt,non-phishing,mistral-small:24b,n/d,0
2017,2017.txt,non-phishing,mistral-small:24b,n/d,0
2018,2018.txt,phishing,mistral-small:24b,n/d,0
2019,2019.txt,non-phishing,mistral-small:24b,n/d,0
2020,2020.txt,non-phishing,mistral-small:24b,n/d,0
2021,2021.txt,non-phishing,mistral-small:24b,n/d,0
2022,2022.txt,non-phishing,mistral-small:24b,n/d,0
2023,2023.txt,non-phishing,mistral-small:24b,n/d,0
2024,2024.txt,phishing,mistral-small:24b,n/d,0
2025,2025.txt,phishing,mistral-small:24b,n/d,0
2026,2026.txt,non-phishing,mistral-small:24b,n/d,0
2027,2027.txt,non-phishing,mistral-small:24b,n/d,0
2028,2028.txt,phishing,mistral-small:24b,n/d,0
2029,2029.txt,non-phishing,mistral-small:24b,n/d,0
2030,2030.txt,phishing,mistral-small:24b,n/d,0
2031,2031.txt,non-phishing,mistral-small:24b,n/d,0
2032,2032.txt,non-phishing,mistral-small:24b,n/d,0
2033,2033.txt,non-phishing,mistral-small:24b,n/d,0
2034,2034.txt,non-phishing,mistral-small:24b,n/d,0
2035,2035.txt,phishing,mistral-small:24b,n/d,0
2036,2036.txt,phishing,mistral-small:24b,n/d,0
2037,2037.txt,phishing,mistral-small:24b,n/d,0
2038,2038.txt,phishing,mistral-small:24b,n/d,0
2039,2039.txt,non-phishing,mistral-small:24b,n/d,0
2040,2040.txt,phishing,mistral-small:24b,n/d,0
2041,2041.txt,phishing,mistral-small:24b,n/d,0
2042,2042.txt,phishing,mistral-small:24b,n/d,0
2043,2043.txt,non-phishing,mistral-small:24b,n/d,0
2044,2044.txt,phishing,mistral-small:24b,n/d,0
2045,2045.txt,phishing,mistral-small:24b,n/d,0
2046,2046.txt,phishing,mistral-small:24b,n/d,0
2047,2047.txt,non-phishing,mistral-small:24b,n/d,0
2048,2048.txt,non-phishing,mistral-small:24b,n/d,0
2049,2049.txt,phishing,mistral-small:24b,n/d,0
2050,2050.txt,non-phishing,mistral-small:24b,n/d,0
2051,2051.txt,phishing,mistral-small:24b,n/d,0
2052,2052.txt,phishing,mistral-small:24b,n/d,0
2053,2053.txt,non-phishing,mistral-small:24b,n/d,0
2054,2054.txt,phishing,mistral-small:24b,n/d,0
2055,2055.txt,non-phishing,mistral-small:24b,n/d,0
2056,2056.txt,non-phishing,mistral-small:24b,n/d,0
2057,2057.txt,phishing,mistral-small:24b,n/d,0
2058,2058.txt,non-phishing,mistral-small:24b,n/d,0
2059,2059.txt,non-phishing,mistral-small:24b,n/d,0
2060,2060.txt,phishing,mistral-small:24b,n/d,0
2061,2061.txt,non-phishing,mistral-small:24b,n/d,0
2062,2062.txt,non-phishing,mistral-small:24b,n/d,0
2063,2063.txt,non-phishing,mistral-small:24b,n/d,0
2064,2064.txt,non-phishing,mistral-small:24b,n/d,0
2065,2065.txt,phishing,mistral-small:24b,n/d,0
2066,2066.txt,phishing,mistral-small:24b,n/d,0
2067,2067.txt,non-phishing,mistral-small:24b,n/d,0
2068,2068.txt,non-phishing,mistral-small:24b,n/d,0
2069,2069.txt,non-phishing,mistral-small:24b,n/d,0
2070,2070.txt,non-phishing,mistral-small:24b,n/d,0
2071,2071.txt,non-phishing,mistral-small:24b,n/d,0
2072,2072.txt,phishing,mistral-small:24b,n/d,0
2073,2073.txt,phishing,mistral-small:24b,n/d,0
2074,2074.txt,phishing,mistral-small:24b,n/d,0
2075,2075.txt,non-phishing,mistral-small:24b,n/d,0
2076,2076.txt,non-phishing,mistral-small:24b,n/d,0
2077,2077.txt,phishing,mistral-small:24b,n/d,0
2078,2078.txt,phishing,mistral-small:24b,n/d,0
2079,2079.txt,phishing,mistral-small:24b,n/d,0
2080,2080.txt,phishing,mistral-small:24b,n/d,0
2081,2081.txt,phishing,mistral-small:24b,n/d,0
2082,2082.txt,phishing,mistral-small:24b,n/d,0
2083,2083.txt,phishing,mistral-small:24b,n/d,0
2084,2084.txt,non-phishing,mistral-small:24b,n/d,0
2085,2085.txt,non-phishing,mistral-small:24b,n/d,0
2086,2086.txt,non-phishing,mistral-small:24b,n/d,0
2087,2087.txt,non-phishing,mistral-small:24b,n/d,0
2088,2088.txt,phishing,mistral-small:24b,n/d,0
2089,2089.txt,phishing,mistral-small:24b,n/d,0
2090,2090.txt,phishing,mistral-small:24b,n/d,0
2091,2091.txt,phishing,mistral-small:24b,n/d,0
2092,2092.txt,phishing,mistral-small:24b,n/d,0
2093,2093.txt,phishing,mistral-small:24b,n/d,0
2094,2094.txt,non-phishing,mistral-small:24b,n/d,0
2095,2095.txt,phishing,mistral-small:24b,n/d,0
2096,2096.txt,phishing,mistral-small:24b,n/d,0
2097,2097.txt,non-phishing,mistral-small:24b,n/d,0
2098,2098.txt,non-phishing,mistral-small:24b,n/d,0
2099,2099.txt,non-phishing,mistral-small:24b,n/d,0
2100,2100.txt,phishing,mistral-small:24b,n/d,0
1001,1001.txt,phishing,llama3,n/d,0
1002,1002.txt,non-phishing,llama3,n/d,0
1003,1003.txt,non-phishing,llama3,n/d,0
1004,1004.txt,phishing,llama3,n/d,0
1005,1005.txt,phishing,llama3,n/d,0
1006,1006.txt,phishing,llama3,n/d,0
1007,1007.txt,non-phishing,llama3,n/d,0
1008,1008.txt,non-phishing,llama3,n/d,0
1009,1009.txt,phishing,llama3,n/d,0
1010,1010.txt,non-phishing,llama3,n/d,0
1011,1011.txt,non-phishing,llama3,n/d,0
1012,1012.txt,phishing,llama3,n/d,0
1013,1013.txt,phishing,llama3,n/d,0
1014,1014.txt,phishing,llama3,n/d,0
1015,1015.txt,non-phishing,llama3,n/d,0
1016,1016.txt,non-phishing,llama3,n/d,0
1017,1017.txt,non-phishing,llama3,n/d,0
1018,1018.txt,phishing,llama3,n/d,0
1019,1019.txt,non-phishing,llama3,n/d,0
1020,1020.txt,non-phishing,llama3,n/d,0
1021,1021.txt,non-phishing,llama3,n/d,0
1022,1022.txt,non-phishing,llama3,n/d,0
1023,1023.txt,non-phishing,llama3,n/d,0
1024,1024.txt,phishing,llama3,n/d,0
1025,1025.txt,phishing,llama3,n/d,0
1026,1026.txt,non-phishing,llama3,n/d,0
1027,1027.txt,non-phishing,llama3,n/d,0
1028,1028.txt,phishing,llama3,n/d,0
1029,1029.txt,non-phishing,llama3,n/d,0
1030,1030.txt,phishing,llama3,n/d,0
1031,1031.txt,non-phishing,llama3,n/d,0
1032,1032.txt,non-phishing,llama3,n/d,0
1033,1033.txt,non-phishing,llama3,n/d,0
1034,1034.txt,non-phishing,llama3,n/d,0
1035,1035.txt,phishing,llama3,n/d,0
1036,1036.txt,phishing,llama3,n/d,0
1037,1037.txt,phishing,llama3,n/d,0
1038,1038.txt,phishing,llama3,n/d,0
1039,1039.txt,non-phishing,llama3,n/d,0
1040,1040.txt,phishing,llama3,n/d,0
1041,1041.txt,phishing,llama3,n/d,0
1042,1042.txt,phishing,llama3,n/d,0
1043,1043.txt,non-phishing,llama3,n/d,0
1044,1044.txt,phishing,llama3,n/d,0
1045,1045.txt,phishing,llama3,n/d,0
1046,1046.txt,phishing,llama3,n/d,0
1047,1047.txt,non-phishing,llama3,n/d,0
1048,1048.txt,non-phishing,llama3,n/d,0
1049,1049.txt,phishing,llama3,n/d,0
1050,1050.txt,non-phishing,llama3,n/d,0
1051,1051.txt,phishing,llama3,n/d,0
1052,1052.txt,phishing,llama3,n/d,0
1053,1053.txt,non-phishing,llama3,n/d,0
1054,1054.txt,phishing,llama3,n/d,0
1055,1055.txt,non-phishing,llama3,n/d,0
1056,1056.txt,non-phishing,llama3,n/d,0
1057,1057.txt,phishing,llama3,n/d,0
1058,1058.txt,non-phishing,llama3,n/d,0
1059,1059.txt,non-phishing,llama3,n/d,0
1060,1060.txt,phishing,llama3,n/d,0
1061,1061.txt,non-phishing,llama3,n/d,0
1062,1062.txt,non-phishing,llama3,n/d,0
1063,1063.txt,non-phishing,llama3,n/d,0
1064,1064.txt,non-phishing,llama3,n/d,0
1065,1065.txt,phishing,llama3,n/d,0
1066,1066.txt,phishing,llama3,n/d,0
1067,1067.txt,non-phishing,llama3,n/d,0
1068,1068.txt,non-phishing,llama3,n/d,0
1069,1069.txt,non-phishing,llama3,n/d,0
1070,1070.txt,non-phishing,llama3,n/d,0
1071,1071.txt,non-phishing,llama3,n/d,0
1072,1072.txt,phishing,llama3,n/d,0
1073,1073.txt,phishing,llama3,n/d,0
1074,1074.txt,phishing,llama3,n/d,0
1075,1075.txt,non-phishing,llama3,n/d,0
1076,1076.txt,non-phishing,llama3,n/d,0
1077,1077.txt,phishing,llama3,n/d,0
1078,1078.txt,phishing,llama3,n/d,0
1079,1079.txt,phishing,llama3,n/d,0
1080,1080.txt,phishing,llama3,n/d,0
1081,1081.txt,phishing,llama3,n/d,0
1082,1082.txt,phishing,llama3,n/d,0
1083,1083.txt,phishing,llama3,n/d,0
1084,1084.txt,non-phishing,llama3,n/d,0
1085,1085.txt,non-phishing,llama3,n/d,0
1086,1086.txt,non-phishing,llama3,n/d,0
1087,1087.txt,non-phishing,llama3,n/d,0
1088,1088.txt,phishing,llama3,n/d,0
1089,1089.txt,phishing,llama3,n/d,0
1090,1090.txt,phishing,llama3,n/d,0
1091,1091.txt,phishing,llama3,n/d,0
1092,1092.txt,phishing,llama3,n/d,0
1093,1093.txt,phishing,llama3,n/d,0
1094,1094.txt,non-phishing,llama3,n/d,0
1095,1095.txt,phishing,llama3,n/d,0
1096,1096.txt,phishing,llama3,n/d,0
1097,1097.txt,non-phishing,llama3,n/d,0
1098,1098.txt,non-phishing,llama3,n/d,0
1099,1099.txt,non-phishing,llama3,n/d,0
1100,1100.txt,phishing,llama3,n/d,0
