"numero","filename","class","origin","source_file","row_idx"
"2001","2001.txt","phishing","mistral-small:24b","n/d","0"
"2002","2002.txt","non-phishing","mistral-small:24b","n/d","0"
"2003","2003.txt","non-phishing","mistral-small:24b","n/d","0"
"2004","2004.txt","phishing","mistral-small:24b","n/d","0"
"2005","2005.txt","phishing","mistral-small:24b","n/d","0"
"2006","2006.txt","phishing","mistral-small:24b","n/d","0"
"2007","2007.txt","non-phishing","mistral-small:24b","n/d","0"
"2008","2008.txt","non-phishing","mistral-small:24b","n/d","0"
"2009","2009.txt","phishing","mistral-small:24b","n/d","0"
"2010","2010.txt","non-phishing","mistral-small:24b","n/d","0"
"2011","2011.txt","non-phishing","mistral-small:24b","n/d","0"
"2012","2012.txt","phishing","mistral-small:24b","n/d","0"
"2013","2013.txt","phishing","mistral-small:24b","n/d","0"
"2014","2014.txt","phishing","mistral-small:24b","n/d","0"
"2015","2015.txt","non-phishing","mistral-small:24b","n/d","0"
"2016","2016.txt","non-phishing","mistral-small:24b","n/d","0"
"2017","2017.txt","non-phishing","mistral-small:24b","n/d","0"
"2018","2018.txt","phishing","mistral-small:24b","n/d","0"
"2019","2019.txt","non-phishing","mistral-small:24b","n/d","0"
"2020","2020.txt","non-phishing","mistral-small:24b","n/d","0"
"2021","2021.txt","non-phishing","mistral-small:24b","n/d","0"
"2022","2022.txt","non-phishing","mistral-small:24b","n/d","0"
"2023","2023.txt","non-phishing","mistral-small:24b","n/d","0"
"2024","2024.txt","phishing","mistral-small:24b","n/d","0"
"2025","2025.txt","phishing","mistral-small:24b","n/d","0"
"2026","2026.txt","non-phishing","mistral-small:24b","n/d","0"
"2027","2027.txt","non-phishing","mistral-small:24b","n/d","0"
"2028","2028.txt","phishing","mistral-small:24b","n/d","0"
"2029","2029.txt","non-phishing","mistral-small:24b","n/d","0"
"2030","2030.txt","phishing","mistral-small:24b","n/d","0"
"2031","2031.txt","non-phishing","mistral-small:24b","n/d","0"
"2032","2032.txt","non-phishing","mistral-small:24b","n/d","0"
"2033","2033.txt","non-phishing","mistral-small:24b","n/d","0"
"2034","2034.txt","non-phishing","mistral-small:24b","n/d","0"
"2035","2035.txt","phishing","mistral-small:24b","n/d","0"
"2036","2036.txt","phishing","mistral-small:24b","n/d","0"
"2037","2037.txt","phishing","mistral-small:24b","n/d","0"
"2038","2038.txt","phishing","mistral-small:24b","n/d","0"
"2039","2039.txt","non-phishing","mistral-small:24b","n/d","0"
"2040","2040.txt","phishing","mistral-small:24b","n/d","0"
"2041","2041.txt","phishing","mistral-small:24b","n/d","0"
"2042","2042.txt","phishing","mistral-small:24b","n/d","0"
"2043","2043.txt","non-phishing","mistral-small:24b","n/d","0"
"2044","2044.txt","phishing","mistral-small:24b","n/d","0"
"2045","2045.txt","phishing","mistral-small:24b","n/d","0"
"2046","2046.txt","phishing","mistral-small:24b","n/d","0"
"2047","2047.txt","non-phishing","mistral-small:24b","n/d","0"
"2048","2048.txt","non-phishing","mistral-small:24b","n/d","0"
"2049","2049.txt","phishing","mistral-small:24b","n/d","0"
"2050","2050.txt","non-phishing","mistral-small:24b","n/d","0"
"2051","2051.txt","phishing","mistral-small:24b","n/d","0"
"2052","2052.txt","phishing","mistral-small:24b","n/d","0"
"2053","2053.txt","non-phishing","mistral-small:24b","n/d","0"
"2054","2054.txt","phishing","mistral-small:24b","n/d","0"
"2055","2055.txt","non-phishing","mistral-small:24b","n/d","0"
"2056","2056.txt","non-phishing","mistral-small:24b","n/d","0"
"2057","2057.txt","phishing","mistral-small:24b","n/d","0"
"2058","2058.txt","non-phishing","mistral-small:24b","n/d","0"
"2059","2059.txt","non-phishing","mistral-small:24b","n/d","0"
"2060","2060.txt","phishing","mistral-small:24b","n/d","0"
"2061","2061.txt","non-phishing","mistral-small:24b","n/d","0"
"2062","2062.txt","non-phishing","mistral-small:24b","n/d","0"
"2063","2063.txt","non-phishing","mistral-small:24b","n/d","0"
"2064","2064.txt","non-phishing","mistral-small:24b","n/d","0"
"2065","2065.txt","phishing","mistral-small:24b","n/d","0"
"2066","2066.txt","phishing","mistral-small:24b","n/d","0"
"2067","2067.txt","non-phishing","mistral-small:24b","n/d","0"
"2068","2068.txt","non-phishing","mistral-small:24b","n/d","0"
"2069","2069.txt","non-phishing","mistral-small:24b","n/d","0"
"2070","2070.txt","non-phishing","mistral-small:24b","n/d","0"
"2071","2071.txt","non-phishing","mistral-small:24b","n/d","0"
"2072","2072.txt","phishing","mistral-small:24b","n/d","0"
"2073","2073.txt","phishing","mistral-small:24b","n/d","0"
"2074","2074.txt","phishing","mistral-small:24b","n/d","0"
"2075","2075.txt","non-phishing","mistral-small:24b","n/d","0"
"2076","2076.txt","non-phishing","mistral-small:24b","n/d","0"
"2077","2077.txt","phishing","mistral-small:24b","n/d","0"
"2078","2078.txt","phishing","mistral-small:24b","n/d","0"
"2079","2079.txt","phishing","mistral-small:24b","n/d","0"
"2080","2080.txt","phishing","mistral-small:24b","n/d","0"
"2081","2081.txt","phishing","mistral-small:24b","n/d","0"
"2082","2082.txt","phishing","mistral-small:24b","n/d","0"
"2083","2083.txt","phishing","mistral-small:24b","n/d","0"
"2084","2084.txt","non-phishing","mistral-small:24b","n/d","0"
"2085","2085.txt","non-phishing","mistral-small:24b","n/d","0"
"2086","2086.txt","non-phishing","mistral-small:24b","n/d","0"
"2087","2087.txt","non-phishing","mistral-small:24b","n/d","0"
"2088","2088.txt","phishing","mistral-small:24b","n/d","0"
"2089","2089.txt","phishing","mistral-small:24b","n/d","0"
"2090","2090.txt","phishing","mistral-small:24b","n/d","0"
"2091","2091.txt","phishing","mistral-small:24b","n/d","0"
"2092","2092.txt","phishing","mistral-small:24b","n/d","0"
"2093","2093.txt","phishing","mistral-small:24b","n/d","0"
"2094","2094.txt","non-phishing","mistral-small:24b","n/d","0"
"2095","2095.txt","phishing","mistral-small:24b","n/d","0"
"2096","2096.txt","phishing","mistral-small:24b","n/d","0"
"2097","2097.txt","non-phishing","mistral-small:24b","n/d","0"
"2098","2098.txt","non-phishing","mistral-small:24b","n/d","0"
"2099","2099.txt","non-phishing","mistral-small:24b","n/d","0"
"2100","2100.txt","phishing","mistral-small:24b","n/d","0"
