"numero","filename","class","origin","source_file","row_idx","presence_cta_action","hit_count_cta_action","presence_urgency_time","hit_count_urgency_time","presence_threat_consequence","hit_count_threat_consequence","presence_authority_institution","hit_count_authority_institution","presence_legitimacy_markers","hit_count_legitimacy_markers","presence_emotion_triggers","hit_count_emotion_triggers","presence_credentials_account","hit_count_credentials_account","presence_mfa_verification","hit_count_mfa_verification","presence_finance_billing","hit_count_finance_billing","presence_attachment_doc","hit_count_attachment_doc","presence_formality_politeness","hit_count_formality_politeness"
"1","0001.txt","non-phishing","ai","A_L_kaggle.csv","660","1","2","0","0","0","0","0","0","0","0","0","0","0","0","0","0","0","0","0","0","1","1"
"2","0002.txt","phishing","manuale","M_P_L_Nigerian_5.csv","3715","0","0","1","1","0","0","0","0","0","0","0","0","0","0","0","0","1","3","0","0","1","3"
"3","0003.txt","non-phishing","manuale","M_P_L_Nigerian_5.csv","5947","0","0","0","0","0","0","0","0","0","0","0","0","0","0","0","0","0","0","0","0","0","0"
"4","0004.txt","non-phishing","manuale","M_P_L_Nigerian_5.csv","6277","0","0","1","1","0","0","0","0","0","0","0","0","0","0","0","0","0","0","1","1","1","1"
"5","0005.txt","non-phishing","manuale","M_P_L_Nigerian_5.csv","8","0","0","0","0","0","0","0","0","0","0","0","0","0","0","0","0","0","0","0","0","0","0"
"6","0006.txt","phishing","manuale","M_P_L_Nigerian_5.csv","4814","0","0","1","3","0","0","0","0","0","0","0","0","0","0","0","0","1","2","0","0","1","1"
"7","0007.txt","non-phishing","ai","A_L_kaggle.csv","709","1","4","0","0","1","1","1","1","0","0","0","0","1","6","0","0","0","0","0","0","1","3"
"8","0008.txt","non-phishing","manuale","M_P_L_Nigerian_5.csv","60","1","4","1","1","0","0","0","0","0","0","0","0","0","0","0","0","0","0","1","1","0","0"
"9","0009.txt","non-phishing","manuale","M_P_L_Nigerian_5.csv","6081","0","0","0","0","0","0","0","0","0","0","0","0","0","0","0","0","0","0","0","0","0","0"
"10","0010.txt","non-phishing","manuale","M_P_L_Nigerian_5.csv","973","0","0","0","0","0","0","0","0","0","0","0","0","0","0","0","0","0","0","0","0","0","0"
"11","0011.txt","phishing","manuale","M_P_L_Nigerian_5.csv","2684","1","1","1","4","0","0","0","0","0","0","0","0","0","0","0","0","1","6","0","0","1","1"
"12","0012.txt","non-phishing","ai","A_L_kaggle.csv","834","0","0","1","2","0","0","0","0","0","0","0","0","0","0","0","0","0","0","0","0","1","1"
"13","0013.txt","non-phishing","manuale","M_P_L_Nigerian_5.csv","1659","0","0","0","0","0","0","1","1","0","0","0","0","0","0","0","0","0","0","0","0","0","0"
"14","0014.txt","non-phishing","ai","A_L_kaggle.csv","364","1","4","1","1","0","0","0","0","0","0","0","0","0","0","0","0","0","0","0","0","1","1"
"15","0015.txt","phishing","manuale","M_P_Nazario.csv","247","1","8","0","0","0","0","1","3","1","2","0","0","1","1","0","0","0","0","1","1","1","1"
"16","0016.txt","non-phishing","manuale","M_P_L_Nigerian_5.csv","5815","0","0","0","0","0","0","0","0","0","0","0","0","0","0","0","0","0","0","0","0","0","0"
"17","0017.txt","non-phishing","ai","A_L_kaggle.csv","391","0","0","0","0","0","0","0","0","0","0","1","1","0","0","0","0","0","0","1","2","1","2"
"18","0018.txt","phishing","manuale","M_P_Nazario.csv","1258","1","4","1","1","1","3","0","0","0","0","0","0","0","0","0","0","0","0","0","0","1","1"
"19","0019.txt","phishing","manuale","M_P_L_Nigerian_5.csv","2730","0","0","0","0","0","0","0","0","1","1","0","0","0","0","0","0","1","14","0","0","0","0"
"20","0020.txt","non-phishing","manuale","M_P_L_Nigerian_5.csv","459","1","2","0","0","0","0","0","0","0","0","0","0","0","0","0","0","0","0","0","0","1","1"
"21","0021.txt","non-phishing","ai","A_L_kaggle.csv","238","1","6","0","0","0","0","0","0","0","0","0","0","0","0","0","0","0","0","0","0","1","2"
"22","0022.txt","non-phishing","manuale","M_P_L_Nigerian_5.csv","5201","1","7","0","0","0","0","0","0","0","0","0","0","0","0","0","0","0","0","0","0","0","0"
"23","0023.txt","non-phishing","ai","A_L_kaggle.csv","864","1","6","1","1","0","0","0","0","0","0","0","0","0","0","0","0","1","3","0","0","1","3"
"24","0024.txt","non-phishing","manuale","M_P_L_Nigerian_5.csv","5671","1","2","0","0","0","0","0","0","0","0","0","0","0","0","0","0","0","0","0","0","0","0"
"25","0025.txt","non-phishing","manuale","M_P_L_Nigerian_5.csv","6103","0","0","0","0","0","0","0","0","0","0","0","0","0","0","0","0","0","0","0","0","0","0"
"26","0026.txt","non-phishing","ai","A_L_kaggle.csv","796","0","0","1","1","0","0","0","0","0","0","0","0","0","0","0","0","0","0","0","0","1","1"
"27","0027.txt","non-phishing","manuale","M_P_L_Nigerian_5.csv","425","0","0","1","2","0","0","0","0","0","0","0","0","0","0","0","0","1","3","0","0","0","0"
"28","0028.txt","non-phishing","manuale","M_P_L_Nigerian_5.csv","6168","0","0","1","2","0","0","0","0","0","0","0","0","0","0","0","0","0","0","0","0","0","0"
"29","0029.txt","non-phishing","ai","A_L_kaggle.csv","714","1","4","0","0","1","1","0","0","0","0","0","0","1","4","0","0","1","1","0","0","1","3"
"30","0030.txt","phishing","ai","A_P_synthetic_phish.csv","2983","1","2","0","0","0","0","1","1","0","0","0","0","0","0","0","0","0","0","0","0","0","0"
"31","0031.txt","phishing","manuale","M_P_L_Nigerian_5.csv","3288","0","0","1","5","0","0","0","0","0","0","0","0","0","0","0","0","1","1","0","0","1","2"
"32","0032.txt","non-phishing","manuale","M_P_L_Nigerian_5.csv","1435","0","0","0","0","0","0","0","0","0","0","0","0","0","0","0","0","0","0","0","0","0","0"
"33","0033.txt","phishing","ai","A_P_synthetic_phish.csv","355","1","2","0","0","0","0","0","0","0","0","0","0","0","0","0","0","0","0","0","0","1","1"
"34","0034.txt","phishing","manuale","M_P_Nazario.csv","555","0","0","0","0","1","2","1","2","0","0","0","0","0","0","0","0","0","0","0","0","1","4"
"35","0035.txt","non-phishing","ai","A_L_kaggle.csv","969","0","0","1","1","0","0","0","0","0","0","0","0","0","0","0","0","0","0","0","0","1","3"
"36","0036.txt","non-phishing","manuale","M_P_L_Nigerian_5.csv","309","1","4","0","0","0","0","0","0","0","0","0","0","0","0","0","0","0","0","1","7","0","0"
"37","0037.txt","phishing","manuale","M_P_Nazario.csv","435","0","0","1","2","1","2","0","0","0","0","0","0","0","0","0","0","1","2","0","0","1","2"
"38","0038.txt","phishing","manuale","M_P_L_Nigerian_5.csv","1858","0","0","1","5","1","1","0","0","1","6","0","0","0","0","0","0","1","3","0","0","1","1"
"39","0039.txt","phishing","ai","A_P_synthetic_phish.csv","657","1","2","0","0","0","0","0","0","0","0","0","0","0","0","0","0","0","0","0","0","1","1"
"40","0040.txt","phishing","manuale","M_P_L_Nigerian_5.csv","2189","1","7","1","3","0","0","0","0","0","0","0","0","0","0","0","0","1","4","0","0","1","1"
"41","0041.txt","phishing","manuale","M_P_Nazario.csv","349","1","4","1","2","0","0","1","2","0","0","0","0","0","0","0","0","0","0","0","0","1","3"
"42","0042.txt","phishing","manuale","M_P_L_Nigerian_5.csv","2387","0","0","1","4","0","0","0","0","1","2","1","1","0","0","0","0","1","4","0","0","0","0"
"43","0043.txt","phishing","ai","A_P_synthetic_phish.csv","3750","0","0","0","0","1","6","0","0","0","0","0","0","0","0","0","0","0","0","0","0","0","0"
"44","0044.txt","non-phishing","ai","A_L_kaggle.csv","32","1","2","0","0","0","0","0","0","0","0","0","0","0","0","0","0","0","0","0","0","1","3"
"45","0045.txt","phishing","ai","A_P_synthetic_phish.csv","3156","1","4","0","0","0","0","1","1","0","0","0","0","0","0","0","0","0","0","0","0","0","0"
"46","0046.txt","phishing","ai","A_P_synthetic_phish.csv","778","1","2","0","0","0","0","0","0","0","0","0","0","0","0","0","0","0","0","0","0","0","0"
"47","0047.txt","non-phishing","manuale","M_P_L_Nigerian_5.csv","5215","1","2","0","0","0","0","0","0","0","0","0","0","0","0","0","0","0","0","0","0","1","1"
"48","0048.txt","non-phishing","ai","A_L_kaggle.csv","633","0","0","0","0","0","0","0","0","0","0","1","1","0","0","0","0","1","6","0","0","1","2"
"49","0049.txt","phishing","manuale","M_P_Nazario.csv","172","0","0","0","0","0","0","0","0","0","0","0","0","0","0","0","0","0","0","0","0","1","2"
"50","0050.txt","phishing","ai","A_P_synthetic_phish.csv","850","0","0","0","0","0","0","0","0","0","0","0","0","0","0","0","0","0","0","0","0","0","0"
"51","0051.txt","non-phishing","manuale","M_P_L_Nigerian_5.csv","281","0","0","0","0","0","0","0","0","0","0","0","0","0","0","0","0","0","0","0","0","1","1"
"52","0052.txt","non-phishing","manuale","M_P_L_Nigerian_5.csv","1605","1","2","1","1","0","0","0","0","0","0","1","1","0","0","0","0","0","0","0","0","0","0"
"53","0053.txt","non-phishing","manuale","M_P_L_Nigerian_5.csv","329","0","0","0","0","0","0","0","0","0","0","0","0","0","0","0","0","0","0","0","0","0","0"
"54","0054.txt","phishing","manuale","M_P_Nazario.csv","1324","1","22","1","4","1","2","0","0","1","4","0","0","1","8","0","0","1","1","1","6","1","2"
"55","0055.txt","phishing","manuale","M_P_Nazario.csv","1234","1","2","0","0","0","0","1","1","0","0","0","0","0","0","0","0","0","0","0","0","0","0"
"56","0056.txt","phishing","manuale","M_P_Nazario.csv","81","1","6","0","0","0","0","0","0","0","0","0","0","1","3","0","0","0","0","0","0","1","2"
"57","0057.txt","phishing","ai","A_P_synthetic_phish.csv","1306","0","0","0","0","1","4","0","0","0","0","0","0","0","0","0","0","1","1","0","0","1","1"
"58","0058.txt","non-phishing","ai","A_L_kaggle.csv","696","0","0","0","0","0","0","0","0","0","0","0","0","0","0","0","0","0","0","0","0","1","3"
"59","0059.txt","non-phishing","manuale","M_P_L_Nigerian_5.csv","5397","0","0","0","0","0","0","0","0","0","0","0","0","0","0","0","0","0","0","0","0","0","0"
"60","0060.txt","non-phishing","ai","A_L_kaggle.csv","851","0","0","1","2","0","0","0","0","0","0","0","0","0","0","0","0","0","0","0","0","1","1"
"61","0061.txt","phishing","manuale","M_P_L_Nigerian_5.csv","3132","1","2","0","0","0","0","0","0","1","2","0","0","0","0","0","0","0","0","0","0","1","1"
"62","0062.txt","non-phishing","ai","A_L_kaggle.csv","873","0","0","0","0","0","0","0","0","0","0","0","0","0","0","0","0","0","0","0","0","1","1"
"63","0063.txt","phishing","ai","A_P_synthetic_phish.csv","1907","1","2","0","0","0","0","0","0","0","0","0","0","0","0","0","0","0","0","0","0","0","0"
"64","0064.txt","non-phishing","manuale","M_P_L_Nigerian_5.csv","5730","0","0","0","0","0","0","0","0","0","0","0","0","0","0","0","0","0","0","0","0","0","0"
"65","0065.txt","phishing","manuale","M_P_L_Nigerian_5.csv","2324","0","0","1","3","0","0","1","1","1","1","0","0","0","0","0","0","0","0","0","0","1","3"
"66","0066.txt","phishing","manuale","M_P_L_Nigerian_5.csv","4238","0","0","1","1","0","0","0","0","1","1","0","0","0","0","0","0","1","1","0","0","1","1"
"67","0067.txt","non-phishing","manuale","M_P_L_Nigerian_5.csv","5479","0","0","0","0","0","0","0","0","0","0","0","0","0","0","0","0","0","0","0","0","0","0"
"68","0068.txt","non-phishing","manuale","M_P_L_Nigerian_5.csv","6049","0","0","1","3","1","1","0","0","0","0","0","0","0","0","0","0","0","0","0","0","0","0"
"69","0069.txt","phishing","manuale","M_P_L_Nigerian_5.csv","5111","1","2","0","0","1","2","1","1","1","5","1","2","0","0","0","0","1","4","0","0","0","0"
"70","0070.txt","non-phishing","manuale","M_P_L_Nigerian_5.csv","5327","0","0","0","0","0","0","0","0","0","0","0","0","0","0","0","0","0","0","0","0","0","0"
"71","0071.txt","phishing","manuale","M_P_L_Nigerian_5.csv","2613","0","0","1","2","0","0","1","1","0","0","1","1","0","0","0","0","1","5","0","0","0","0"
"72","0072.txt","phishing","ai","A_P_synthetic_phish.csv","260","0","0","0","0","0","0","0","0","0","0","0","0","0","0","0","0","0","0","0","0","0","0"
"73","0073.txt","phishing","manuale","M_P_Nazario.csv","478","1","25","0","0","0","0","1","2","1","2","0","0","1","7","0","0","0","0","1","14","0","0"
"74","0074.txt","non-phishing","ai","A_L_kaggle.csv","885","0","0","0","0","0","0","0","0","0","0","0","0","0","0","0","0","1","4","0","0","1","3"
"75","0075.txt","phishing","manuale","M_P_L_Nigerian_5.csv","2247","1","2","1","4","0","0","0","0","1","2","0","0","0","0","0","0","1","2","0","0","1","1"
"76","0076.txt","non-phishing","manuale","M_P_L_Nigerian_5.csv","298","0","0","0","0","0","0","0","0","0","0","0","0","0","0","0","0","0","0","1","2","0","0"
"77","0077.txt","non-phishing","ai","A_L_kaggle.csv","957","0","0","0","0","0","0","0","0","0","0","0","0","0","0","0","0","0","0","1","1","1","3"
"78","0078.txt","non-phishing","manuale","M_P_L_Nigerian_5.csv","1174","1","2","1","3","0","0","0","0","0","0","0","0","0","0","0","0","0","0","0","0","0","0"
"79","0079.txt","non-phishing","ai","A_L_kaggle.csv","756","0","0","1","2","0","0","0","0","0","0","0","0","0","0","0","0","0","0","0","0","1","2"
"80","0080.txt","phishing","ai","A_P_synthetic_phish.csv","1991","1","2","0","0","0","0","1","2","0","0","0","0","0","0","0","0","0","0","0","0","1","1"
"81","0081.txt","non-phishing","manuale","M_P_L_Nigerian_5.csv","1740","0","0","0","0","0","0","0","0","0","0","0","0","0","0","0","0","0","0","0","0","1","1"
"82","0082.txt","phishing","manuale","M_P_Nazario.csv","307","1","12","1","2","1","6","0","0","0","0","0","0","0","0","0","0","0","0","0","0","1","4"
"83","0083.txt","non-phishing","manuale","M_P_L_Nigerian_5.csv","301","0","0","1","1","0","0","0","0","0","0","0","0","0","0","0","0","0","0","1","1","0","0"
"84","0084.txt","phishing","manuale","M_P_Nazario.csv","614","0","0","0","0","1","1","0","0","0","0","0","0","0","0","0","0","0","0","0","0","0","0"
"85","0085.txt","non-phishing","ai","A_L_kaggle.csv","483","1","6","0","0","0","0","0","0","0","0","0","0","0","0","0","0","0","0","0","0","1","1"
"86","0086.txt","non-phishing","manuale","M_P_L_Nigerian_5.csv","5147","1","4","1","1","0","0","0","0","0","0","1","1","0","0","0","0","0","0","0","0","0","0"
"87","0087.txt","non-phishing","manuale","M_P_L_Nigerian_5.csv","5614","0","0","1","1","0","0","0","0","0","0","0","0","0","0","0","0","0","0","1","1","0","0"
"88","0088.txt","phishing","manuale","M_P_L_Nigerian_5.csv","4806","0","0","1","1","0","0","0","0","0","0","0","0","0","0","0","0","1","4","0","0","1","1"
"89","0089.txt","phishing","manuale","M_P_L_Nigerian_5.csv","3822","1","2","1","3","0","0","0","0","0","0","0","0","0","0","0","0","1","1","0","0","1","2"
"90","0090.txt","phishing","manuale","M_P_L_Nigerian_5.csv","2424","0","0","1","1","0","0","0","0","0","0","0","0","0","0","0","0","0","0","1","1","1","2"
"91","0091.txt","non-phishing","ai","A_L_kaggle.csv","175","1","4","0","0","0","0","0","0","0","0","0","0","0","0","0","0","0","0","0","0","1","2"
"92","0092.txt","non-phishing","manuale","M_P_L_Nigerian_5.csv","5410","1","2","0","0","0","0","0","0","0","0","0","0","0","0","0","0","0","0","0","0","1","1"
"93","0093.txt","non-phishing","manuale","M_P_L_Nigerian_5.csv","5935","0","0","1","1","0","0","0","0","0","0","0","0","0","0","0","0","0","0","0","0","0","0"
"94","0094.txt","phishing","manuale","M_P_L_Nigerian_5.csv","3582","1","1","1","2","1","1","0","0","0","0","0","0","0","0","0","0","1","1","0","0","0","0"
"95","0095.txt","phishing","manuale","M_P_Nazario.csv","394","1","4","0","0","0","0","0","0","0","0","0","0","0","0","0","0","0","0","0","0","0","0"
"96","0096.txt","phishing","ai","A_P_synthetic_phish.csv","769","0","0","0","0","0","0","0","0","0","0","0","0","0","0","0","0","1","2","0","0","0","0"
"97","0097.txt","non-phishing","manuale","M_P_L_Nigerian_5.csv","439","1","4","1","1","1","2","0","0","1","2","0","0","0","0","0","0","1","7","1","25","0","0"
"98","0098.txt","non-phishing","manuale","M_P_L_Nigerian_5.csv","1033","1","8","1","1","0","0","0","0","0","0","0","0","0","0","0","0","0","0","0","0","1","1"
"99","0099.txt","phishing","manuale","M_P_L_Nigerian_5.csv","3384","1","2","1","3","0","0","0","0","0","0","0","0","0","0","0","0","1","1","0","0","1","3"
"100","0100.txt","phishing","ai","A_P_synthetic_phish.csv","2398","0","0","0","0","0","0","0","0","0","0","0","0","0","0","0","0","0","0","0","0","0","0"
"101","0101.txt","phishing","manuale","M_P_Nazario.csv","10","1","7","0","0","0","0","0","0","0","0","0","0","0","0","0","0","1","1","0","0","1","2"
"102","0102.txt","phishing","ai","A_P_synthetic_phish.csv","2106","1","4","0","0","0","0","0","0","0","0","0","0","0","0","0","0","0","0","0","0","0","0"
"103","0103.txt","non-phishing","manuale","M_P_L_Nigerian_5.csv","6330","0","0","0","0","0","0","0","0","0","0","0","0","0","0","0","0","0","0","0","0","0","0"
"104","0104.txt","phishing","manuale","M_P_L_Nigerian_5.csv","3805","0","0","1","2","0","0","0","0","0","0","1","1","0","0","0","0","1","5","0","0","1","2"
"105","0105.txt","non-phishing","manuale","M_P_L_Nigerian_5.csv","6191","0","0","1","2","0","0","0","0","0","0","0","0","0","0","0","0","0","0","0","0","0","0"
"106","0106.txt","phishing","manuale","M_P_L_Nigerian_5.csv","2278","0","0","0","0","0","0","0","0","1","1","1","1","0","0","0","0","1","4","0","0","1","2"
"107","0107.txt","phishing","ai","A_P_synthetic_phish.csv","3773","1","2","0","0","0","0","0","0","0","0","0","0","0","0","0","0","0","0","0","0","0","0"
"108","0108.txt","non-phishing","manuale","M_P_L_Nigerian_5.csv","612","0","0","0","0","0","0","0","0","0","0","0","0","0","0","0","0","0","0","0","0","0","0"
"109","0109.txt","phishing","ai","A_P_synthetic_phish.csv","2946","0","0","0","0","0","0","0","0","0","0","0","0","0","0","0","0","0","0","0","0","0","0"
"110","0110.txt","phishing","ai","A_P_synthetic_phish.csv","1630","1","2","0","0","1","1","0","0","0","0","0","0","0","0","0","0","0","0","0","0","0","0"
"111","0111.txt","phishing","manuale","M_P_L_Nigerian_5.csv","2871","0","0","1","1","0","0","0","0","1","2","0","0","0","0","0","0","1","6","0","0","1","1"
"112","0112.txt","non-phishing","manuale","M_P_L_Nigerian_5.csv","968","0","0","0","0","0","0","0","0","0","0","0","0","0","0","0","0","0","0","1","1","0","0"
"113","0113.txt","non-phishing","ai","A_L_kaggle.csv","323","0","0","0","0","0","0","0","0","0","0","0","0","0","0","0","0","0","0","0","0","1","2"
"114","0114.txt","phishing","ai","A_P_synthetic_phish.csv","2374","1","2","0","0","0","0","0","0","0","0","0","0","0","0","0","0","0","0","0","0","1","1"
"115","0115.txt","non-phishing","manuale","M_P_L_Nigerian_5.csv","5418","1","2","0","0","0","0","0","0","0","0","0","0","0","0","0","0","0","0","0","0","0","0"
"116","0116.txt","phishing","ai","A_P_synthetic_phish.csv","244","0","0","0","0","0","0","0","0","0","0","0","0","0","0","0","0","0","0","0","0","1","1"
"117","0117.txt","phishing","manuale","M_P_L_Nigerian_5.csv","4743","0","0","1","2","0","0","0","0","0","0","0","0","0","0","0","0","0","0","0","0","0","0"
"118","0118.txt","non-phishing","manuale","M_P_L_Nigerian_5.csv","6055","0","0","0","0","0","0","0","0","0","0","0","0","0","0","0","0","0","0","0","0","0","0"
"119","0119.txt","non-phishing","ai","A_L_kaggle.csv","103","1","2","0","0","0","0","0","0","0","0","0","0","0","0","0","0","0","0","0","0","1","2"
"120","0120.txt","phishing","manuale","M_P_Nazario.csv","1087","1","6","0","0","0","0","0","0","0","0","0","0","0","0","0","0","0","0","0","0","0","0"
"121","0121.txt","non-phishing","ai","A_L_kaggle.csv","415","0","0","0","0","0","0","0","0","0","0","0","0","0","0","0","0","0","0","0","0","1","2"
"122","0122.txt","non-phishing","manuale","M_P_L_Nigerian_5.csv","5728","1","8","1","2","1","1","0","0","0","0","0","0","0","0","0","0","0","0","0","0","0","0"
"123","0123.txt","phishing","ai","A_P_synthetic_phish.csv","2510","1","3","0","0","0","0","0","0","0","0","0","0","0","0","0","0","0","0","0","0","0","0"
"124","0124.txt","phishing","manuale","M_P_L_Nigerian_5.csv","2286","1","2","1","3","0","0","0","0","1","1","0","0","0","0","0","0","1","5","0","0","0","0"
"125","0125.txt","non-phishing","manuale","M_P_L_Nigerian_5.csv","6271","0","0","0","0","0","0","0","0","0","0","0","0","0","0","0","0","0","0","1","1","0","0"
"126","0126.txt","non-phishing","manuale","M_P_L_Nigerian_5.csv","636","0","0","0","0","0","0","0","0","0","0","0","0","0","0","0","0","0","0","0","0","0","0"
"127","0127.txt","phishing","ai","A_P_synthetic_phish.csv","649","1","2","1","1","0","0","0","0","0","0","0","0","1","2","0","0","0","0","0","0","0","0"
"128","0128.txt","phishing","manuale","M_P_L_Nigerian_5.csv","2300","0","0","1","2","0","0","0","0","1","1","1","1","0","0","0","0","1","1","0","0","1","2"
"129","0129.txt","non-phishing","manuale","M_P_L_Nigerian_5.csv","1173","1","6","0","0","0","0","1","1","0","0","0","0","0","0","0","0","0","0","1","4","0","0"
"130","0130.txt","non-phishing","manuale","M_P_L_Nigerian_5.csv","5408","1","2","1","2","0","0","1","1","0","0","1","1","0","0","0","0","0","0","1","4","0","0"
"131","0131.txt","non-phishing","manuale","M_P_L_Nigerian_5.csv","1290","0","0","0","0","0","0","0","0","0","0","0","0","0","0","0","0","0","0","0","0","1","1"
"132","0132.txt","phishing","manuale","M_P_Nazario.csv","595","1","4","0","0","1","4","1","2","0","0","0","0","0","0","0","0","0","0","0","0","1","2"
"133","0133.txt","phishing","manuale","M_P_L_Nigerian_5.csv","3394","0","0","0","0","0","0","0","0","0","0","0","0","0","0","0","0","1","1","0","0","1","2"
"134","0134.txt","phishing","ai","A_P_synthetic_phish.csv","375","1","4","0","0","0","0","1","1","0","0","0","0","0","0","0","0","0","0","1","2","0","0"
"135","0135.txt","non-phishing","manuale","M_P_L_Nigerian_5.csv","6009","0","0","0","0","0","0","0","0","0","0","0","0","0","0","0","0","0","0","0","0","0","0"
"136","0136.txt","phishing","manuale","M_P_L_Nigerian_5.csv","2618","0","0","1","6","0","0","0","0","0","0","1","1","0","0","0","0","1","4","0","0","1","2"
"137","0137.txt","phishing","manuale","M_P_Nazario.csv","1446","1","8","1","1","1","1","0","0","0","0","1","4","0","0","0","0","0","0","0","0","0","0"
"138","0138.txt","non-phishing","manuale","M_P_L_Nigerian_5.csv","5597","0","0","0","0","0","0","0","0","0","0","0","0","0","0","0","0","0","0","0","0","0","0"
"139","0139.txt","phishing","manuale","M_P_L_Nigerian_5.csv","2903","0","0","1","5","0","0","0","0","1","3","0","0","0","0","0","0","1","3","0","0","1","2"
"140","0140.txt","non-phishing","manuale","M_P_L_Nigerian_5.csv","5653","0","0","0","0","0","0","0","0","0","0","0","0","0","0","0","0","0","0","1","1","0","0"
"141","0141.txt","phishing","ai","A_P_synthetic_phish.csv","852","1","6","0","0","0","0","0","0","0","0","0","0","1","2","0","0","0","0","0","0","0","0"
"142","0142.txt","non-phishing","manuale","M_P_L_Nigerian_5.csv","1160","0","0","1","1","0","0","1","1","0","0","0","0","0","0","0","0","0","0","0","0","0","0"
"143","0143.txt","phishing","ai","A_P_synthetic_phish.csv","803","0","0","0","0","0","0","0","0","0","0","0","0","0","0","0","0","0","0","0","0","0","0"
"144","0144.txt","phishing","manuale","M_P_L_Nigerian_5.csv","2849","1","4","1","3","0","0","0","0","0","0","0","0","0","0","0","0","1","2","0","0","1","1"
"145","0145.txt","phishing","ai","A_P_synthetic_phish.csv","2545","0","0","1","1","0","0","0","0","0","0","0","0","0","0","0","0","0","0","0","0","0","0"
"146","0146.txt","phishing","manuale","M_P_Nazario.csv","811","1","6","1","1","0","0","0","0","0","0","0","0","0","0","0","0","1","2","0","0","1","2"
"147","0147.txt","non-phishing","manuale","M_P_L_Nigerian_5.csv","781","1","1","1","1","0","0","0","0","0","0","0","0","0","0","0","0","0","0","0","0","0","0"
"148","0148.txt","phishing","manuale","M_P_Nazario.csv","724","1","8","1","1","0","0","0","0","0","0","0","0","0","0","0","0","0","0","0","0","0","0"
"149","0149.txt","phishing","ai","A_P_synthetic_phish.csv","720","1","2","0","0","0","0","0","0","1","1","0","0","0","0","0","0","0","0","0","0","0","0"
"150","0150.txt","non-phishing","manuale","M_P_L_Nigerian_5.csv","5773","1","1","0","0","0","0","0","0","0","0","0","0","0","0","0","0","0","0","0","0","0","0"
"151","0151.txt","phishing","manuale","M_P_Nazario.csv","1141","0","0","1","1","0","0","0","0","1","1","0","0","0","0","0","0","0","0","0","0","0","0"
"152","0152.txt","phishing","manuale","M_P_L_Nigerian_5.csv","3862","0","0","0","0","0","0","0","0","0","0","0","0","0","0","0","0","1","1","0","0","1","1"
"153","0153.txt","non-phishing","manuale","M_P_L_Nigerian_5.csv","5290","0","0","1","1","0","0","0","0","0","0","0","0","0","0","0","0","0","0","0","0","1","1"
"154","0154.txt","phishing","manuale","M_P_L_Nigerian_5.csv","3632","0","0","1","1","0","0","0","0","1","1","1","1","0","0","0","0","1","4","0","0","1","2"
"155","0155.txt","non-phishing","manuale","M_P_L_Nigerian_5.csv","1221","1","2","1","1","1","2","1","1","1","2","0","0","0","0","0","0","0","0","1","1","0","0"
"156","0156.txt","non-phishing","manuale","M_P_L_Nigerian_5.csv","233","1","2","0","0","0","0","0","0","1","1","0","0","0","0","0","0","0","0","0","0","0","0"
"157","0157.txt","phishing","manuale","M_P_L_Nigerian_5.csv","4623","1","2","1","2","0","0","0","0","0","0","0","0","0","0","0","0","1","1","0","0","1","1"
"158","0158.txt","phishing","manuale","M_P_Nazario.csv","1123","0","0","0","0","0","0","0","0","0","0","0","0","0","0","0","0","0","0","0","0","0","0"
"159","0159.txt","non-phishing","manuale","M_P_L_Nigerian_5.csv","336","1","3","1","2","1","3","1","6","1","2","1","1","0","0","0","0","1","1","1","8","0","0"
"160","0160.txt","non-phishing","manuale","M_P_L_Nigerian_5.csv","6219","0","0","0","0","0","0","0","0","0","0","0","0","0","0","0","0","0","0","0","0","0","0"
"161","0161.txt","non-phishing","ai","A_L_kaggle.csv","167","1","4","0","0","0","0","0","0","0","0","0","0","0","0","0","0","0","0","0","0","1","2"
"162","0162.txt","non-phishing","manuale","M_P_L_Nigerian_5.csv","1086","0","0","0","0","0","0","0","0","0","0","0","0","0","0","0","0","0","0","0","0","0","0"
"163","0163.txt","non-phishing","manuale","M_P_L_Nigerian_5.csv","5552","0","0","0","0","0","0","0","0","0","0","0","0","0","0","0","0","0","0","0","0","0","0"
"164","0164.txt","phishing","manuale","M_P_L_Nigerian_5.csv","2553","0","0","1","1","0","0","0","0","0","0","0","0","0","0","0","0","0","0","0","0","1","3"
"165","0165.txt","non-phishing","manuale","M_P_L_Nigerian_5.csv","1292","1","14","1","4","1","1","1","2","0","0","0","0","0","0","0","0","0","0","1","4","0","0"
"166","0166.txt","phishing","manuale","M_P_Nazario.csv","822","1","4","0","0","0","0","0","0","0","0","0","0","0","0","0","0","0","0","0","0","1","1"
"167","0167.txt","phishing","ai","A_P_synthetic_phish.csv","1170","1","2","0","0","0","0","1","1","0","0","0","0","0","0","0","0","0","0","0","0","0","0"
"168","0168.txt","phishing","manuale","M_P_Nazario.csv","882","1","6","1","5","0","0","0","0","0","0","0","0","0","0","0","0","0","0","0","0","1","1"
"169","0169.txt","non-phishing","manuale","M_P_L_Nigerian_5.csv","38","0","0","0","0","0","0","0","0","1","5","0","0","0","0","0","0","0","0","1","8","1","1"
"170","0170.txt","non-phishing","manuale","M_P_L_Nigerian_5.csv","5936","0","0","0","0","0","0","0","0","0","0","0","0","0","0","0","0","0","0","0","0","0","0"
"171","0171.txt","non-phishing","manuale","M_P_L_Nigerian_5.csv","1139","0","0","0","0","0","0","0","0","0","0","0","0","0","0","0","0","0","0","0","0","0","0"
"172","0172.txt","phishing","ai","A_P_synthetic_phish.csv","217","1","3","0","0","0","0","0","0","1","1","0","0","0","0","0","0","0","0","0","0","1","1"
"173","0173.txt","non-phishing","manuale","M_P_L_Nigerian_5.csv","982","0","0","0","0","0","0","0","0","0","0","0","0","0","0","0","0","0","0","0","0","0","0"
"174","0174.txt","phishing","manuale","M_P_L_Nigerian_5.csv","2954","0","0","1","3","0","0","0","0","0","0","0","0","0","0","0","0","1","1","0","0","1","3"
"175","0175.txt","phishing","manuale","M_P_Nazario.csv","963","0","0","1","1","1","1","0","0","0","0","0","0","1","2","0","0","0","0","0","0","1","2"
"176","0176.txt","non-phishing","ai","A_L_kaggle.csv","224","1","6","0","0","0","0","0","0","0","0","0","0","0","0","0","0","0","0","0","0","1","1"
"177","0177.txt","phishing","manuale","M_P_L_Nigerian_5.csv","5084","0","0","1","1","0","0","0","0","0","0","0","0","0","0","0","0","0","0","0","0","1","1"
"178","0178.txt","phishing","manuale","M_P_L_Nigerian_5.csv","2992","0","0","1","3","0","0","0","0","0","0","0","0","0","0","0","0","1","1","0","0","1","3"
"179","0179.txt","phishing","ai","A_P_synthetic_phish.csv","1687","1","2","1","2","0","0","0","0","0","0","0","0","0","0","0","0","0","0","0","0","1","1"
"180","0180.txt","non-phishing","ai","A_L_kaggle.csv","392","0","0","0","0","0","0","0","0","0","0","1","1","0","0","0","0","0","0","1","1","1","2"
"181","0181.txt","phishing","manuale","M_P_Nazario.csv","182","0","0","0","0","0","0","0","0","0","0","0","0","0","0","0","0","0","0","0","0","0","0"
"182","0182.txt","phishing","ai","A_P_synthetic_phish.csv","1041","0","0","0","0","0","0","1","1","0","0","0","0","0","0","0","0","0","0","0","0","0","0"
"183","0183.txt","phishing","manuale","M_P_L_Nigerian_5.csv","3175","0","0","1","2","0","0","0","0","1","1","1","1","0","0","0","0","1","4","0","0","1","1"
"184","0184.txt","non-phishing","manuale","M_P_L_Nigerian_5.csv","410","0","0","0","0","0","0","0","0","0","0","0","0","0","0","0","0","0","0","0","0","0","0"
"185","0185.txt","non-phishing","manuale","M_P_L_Nigerian_5.csv","1627","0","0","0","0","0","0","0","0","0","0","0","0","0","0","0","0","0","0","0","0","0","0"
"186","0186.txt","phishing","ai","A_P_synthetic_phish.csv","4933","1","1","0","0","0","0","0","0","0","0","0","0","0","0","0","0","0","0","0","0","1","2"
"187","0187.txt","non-phishing","manuale","M_P_L_Nigerian_5.csv","6089","1","2","0","0","0","0","0","0","0","0","0","0","0","0","0","0","0","0","0","0","0","0"
"188","0188.txt","non-phishing","manuale","M_P_L_Nigerian_5.csv","1077","0","0","0","0","0","0","0","0","0","0","0","0","0","0","0","0","0","0","0","0","0","0"
"189","0189.txt","phishing","manuale","M_P_L_Nigerian_5.csv","4018","0","0","0","0","0","0","0","0","0","0","0","0","0","0","0","0","1","1","0","0","1","1"
"190","0190.txt","non-phishing","manuale","M_P_L_Nigerian_5.csv","209","0","0","0","0","0","0","0","0","0","0","0","0","0","0","0","0","0","0","0","0","0","0"
"191","0191.txt","non-phishing","ai","A_L_kaggle.csv","711","1","6","1","1","1","1","1","1","0","0","0","0","1","3","0","0","0","0","0","0","1","3"
"192","0192.txt","non-phishing","ai","A_L_kaggle.csv","673","1","2","0","0","0","0","0","0","0","0","1","1","0","0","1","2","0","0","0","0","1","2"
"193","0193.txt","non-phishing","ai","A_L_kaggle.csv","166","1","4","0","0","0","0","0","0","0","0","0","0","0","0","0","0","0","0","0","0","1","1"
"194","0194.txt","non-phishing","ai","A_L_kaggle.csv","556","0","0","0","0","0","0","0","0","0","0","0","0","0","0","0","0","0","0","0","0","1","2"
"195","0195.txt","phishing","manuale","M_P_Nazario.csv","1143","0","0","0","0","0","0","0","0","0","0","0","0","0","0","0","0","0","0","0","0","0","0"
"196","0196.txt","non-phishing","manuale","M_P_L_Nigerian_5.csv","5882","1","2","1","1","0","0","0","0","0","0","0","0","0","0","0","0","0","0","1","1","0","0"
"197","0197.txt","phishing","manuale","M_P_L_Nigerian_5.csv","3985","0","0","0","0","0","0","0","0","0","0","0","0","0","0","0","0","1","2","0","0","0","0"
"198","0198.txt","non-phishing","manuale","M_P_L_Nigerian_5.csv","1670","1","4","1","3","0","0","0","0","0","0","0","0","0","0","0","0","0","0","0","0","0","0"
"199","0199.txt","non-phishing","ai","A_L_kaggle.csv","380","0","0","0","0","0","0","0","0","0","0","0","0","0","0","0","0","0","0","0","0","1","1"
"200","0200.txt","non-phishing","manuale","M_P_L_Nigerian_5.csv","5874","0","0","0","0","0","0","0","0","0","0","0","0","0","0","0","0","0","0","0","0","0","0"
"201","0201.txt","non-phishing","manuale","M_P_L_Nigerian_5.csv","683","0","0","1","1","0","0","0","0","0","0","0","0","0","0","0","0","0","0","0","0","0","0"
"202","0202.txt","non-phishing","manuale","M_P_L_Nigerian_5.csv","5540","0","0","0","0","0","0","0","0","0","0","0","0","0","0","0","0","0","0","0","0","0","0"
"203","0203.txt","phishing","manuale","M_P_L_Nigerian_5.csv","3878","1","2","0","0","0","0","0","0","0","0","0","0","0","0","0","0","1","2","0","0","1","2"
"204","0204.txt","non-phishing","manuale","M_P_L_Nigerian_5.csv","5309","0","0","1","52","0","0","0","0","0","0","0","0","0","0","0","0","0","0","0","0","0","0"
"205","0205.txt","non-phishing","ai","A_L_kaggle.csv","73","1","2","0","0","0","0","0","0","0","0","0","0","0","0","0","0","1","2","0","0","1","3"
"206","0206.txt","phishing","manuale","M_P_L_Nigerian_5.csv","4354","0","0","0","0","0","0","0","0","0","0","0","0","0","0","0","0","1","1","0","0","1","1"
"207","0207.txt","phishing","manuale","M_P_L_Nigerian_5.csv","2708","0","0","1","1","0","0","0","0","0","0","0","0","0","0","0","0","1","1","1","1","1","1"
"208","0208.txt","phishing","manuale","M_P_L_Nigerian_5.csv","2218","0","0","1","1","0","0","0","0","0","0","0","0","0","0","0","0","1","1","0","0","0","0"
"209","0209.txt","non-phishing","ai","A_L_kaggle.csv","728","1","2","0","0","0","0","0","0","0","0","0","0","0","0","0","0","0","0","0","0","1","2"
"210","0210.txt","non-phishing","manuale","M_P_L_Nigerian_5.csv","1738","1","7","0","0","0","0","0","0","0","0","0","0","0","0","0","0","0","0","0","0","0","0"
"211","0211.txt","non-phishing","manuale","M_P_L_Nigerian_5.csv","5339","1","4","1","1","0","0","1","1","0","0","0","0","0","0","0","0","0","0","1","1","0","0"
"212","0212.txt","phishing","manuale","M_P_L_Nigerian_5.csv","2809","0","0","1","3","0","0","0","0","1","2","0","0","0","0","0","0","1","1","0","0","0","0"
"213","0213.txt","phishing","ai","A_P_synthetic_phish.csv","3349","1","6","0","0","0","0","0","0","0","0","0","0","0","0","0","0","0","0","0","0","0","0"
"214","0214.txt","non-phishing","manuale","M_P_L_Nigerian_5.csv","32","1","8","0","0","0","0","0","0","0","0","0","0","0","0","0","0","0","0","0","0","0","0"
"215","0215.txt","phishing","manuale","M_P_L_Nigerian_5.csv","2726","0","0","1","1","0","0","0","0","0","0","0","0","0","0","0","0","1","1","0","0","1","1"
"216","0216.txt","non-phishing","manuale","M_P_L_Nigerian_5.csv","866","0","0","0","0","0","0","0","0","0","0","0","0","0","0","0","0","0","0","0","0","1","1"
"217","0217.txt","non-phishing","manuale","M_P_L_Nigerian_5.csv","5513","0","0","1","2","0","0","0","0","0","0","0","0","0","0","0","0","0","0","0","0","0","0"
"218","0218.txt","phishing","manuale","M_P_L_Nigerian_5.csv","4995","0","0","0","0","0","0","0","0","0","0","0","0","0","0","0","0","0","0","0","0","1","1"
"219","0219.txt","phishing","manuale","M_P_L_Nigerian_5.csv","4388","1","2","1","3","0","0","1","2","1","1","0","0","0","0","0","0","1","1","0","0","1","1"
"220","0220.txt","non-phishing","manuale","M_P_L_Nigerian_5.csv","379","0","0","0","0","0","0","0","0","0","0","0","0","0","0","0","0","0","0","0","0","0","0"
"221","0221.txt","non-phishing","manuale","M_P_L_Nigerian_5.csv","5609","1","2","0","0","0","0","0","0","0","0","0","0","0","0","0","0","0","0","0","0","0","0"
"222","0222.txt","non-phishing","manuale","M_P_L_Nigerian_5.csv","638","0","0","0","0","0","0","0","0","0","0","0","0","0","0","1","1","0","0","0","0","0","0"
"223","0223.txt","phishing","manuale","M_P_L_Nigerian_5.csv","2328","1","4","1","5","0","0","0","0","0","0","0","0","0","0","0","0","1","3","1","3","1","1"
"224","0224.txt","non-phishing","manuale","M_P_L_Nigerian_5.csv","1120","0","0","0","0","0","0","0","0","0","0","0","0","0","0","0","0","0","0","0","0","0","0"
"225","0225.txt","phishing","manuale","M_P_L_Nigerian_5.csv","3455","0","0","1","2","0","0","1","3","1","2","1","1","0","0","0","0","1","2","0","0","0","0"
"226","0226.txt","phishing","manuale","M_P_L_Nigerian_5.csv","3117","0","0","0","0","0","0","0","0","0","0","0","0","0","0","0","0","1","1","0","0","0","0"
"227","0227.txt","non-phishing","manuale","M_P_L_Nigerian_5.csv","5644","0","0","1","2","0","0","0","0","0","0","0","0","0","0","0","0","0","0","0","0","0","0"
"228","0228.txt","non-phishing","manuale","M_P_L_Nigerian_5.csv","1410","1","2","1","1","0","0","0","0","0","0","0","0","0","0","0","0","0","0","1","1","0","0"
"229","0229.txt","phishing","manuale","M_P_L_Nigerian_5.csv","3383","1","2","1","1","0","0","0","0","0","0","0","0","0","0","0","0","1","1","0","0","1","1"
"230","0230.txt","non-phishing","manuale","M_P_L_Nigerian_5.csv","1088","0","0","0","0","0","0","0","0","0","0","0","0","0","0","0","0","0","0","0","0","0","0"
"231","0231.txt","phishing","ai","A_P_synthetic_phish.csv","3018","1","2","0","0","0","0","0","0","1","1","0","0","0","0","0","0","0","0","0","0","0","0"
"232","0232.txt","non-phishing","manuale","M_P_L_Nigerian_5.csv","6073","0","0","1","1","0","0","0","0","0","0","0","0","0","0","0","0","1","2","0","0","0","0"
"233","0233.txt","phishing","ai","A_P_synthetic_phish.csv","3365","1","6","1","1","0","0","1","1","0","0","0","0","1","1","0","0","0","0","0","0","1","1"
"234","0234.txt","phishing","manuale","M_P_Nazario.csv","593","1","2","1","5","0","0","1","1","0","0","0","0","0","0","0","0","1","1","1","1","1","1"
"235","0235.txt","non-phishing","manuale","M_P_L_Nigerian_5.csv","163","0","0","0","0","0","0","0","0","1","1","1","2","0","0","0","0","0","0","0","0","0","0"
"236","0236.txt","non-phishing","manuale","M_P_L_Nigerian_5.csv","648","0","0","0","0","0","0","0","0","0","0","0","0","0","0","0","0","0","0","0","0","0","0"
"237","0237.txt","non-phishing","manuale","M_P_L_Nigerian_5.csv","1301","0","0","1","14","1","1","0","0","1","1","1","1","0","0","0","0","0","0","0","0","0","0"
"238","0238.txt","phishing","manuale","M_P_L_Nigerian_5.csv","3624","0","0","1","5","0","0","1","4","0","0","0","0","0","0","0","0","1","2","0","0","1","1"
"239","0239.txt","phishing","manuale","M_P_Nazario.csv","1058","1","18","0","0","1","3","0","0","0","0","1","2","0","0","0","0","1","5","1","4","0","0"
"240","0240.txt","phishing","manuale","M_P_L_Nigerian_5.csv","4004","0","0","1","5","0","0","1","3","1","3","0","0","0","0","0","0","1","1","0","0","0","0"
"241","0241.txt","phishing","manuale","M_P_L_Nigerian_5.csv","2357","0","0","0","0","0","0","0","0","1","1","0","0","0","0","0","0","1","1","0","0","1","2"
"242","0242.txt","phishing","ai","A_P_synthetic_phish.csv","572","1","8","0","0","0","0","0","0","0","0","0","0","1","2","0","0","1","1","0","0","0","0"
"243","0243.txt","non-phishing","ai","A_L_kaggle.csv","474","0","0","1","1","0","0","0","0","0","0","0","0","0","0","0","0","0","0","0","0","1","2"
"244","0244.txt","phishing","manuale","M_P_L_Nigerian_5.csv","2964","0","0","1","3","0","0","0","0","0","0","0","0","0","0","0","0","1","2","0","0","0","0"
"245","0245.txt","phishing","manuale","M_P_Nazario.csv","1548","1","4","0","0","0","0","0","0","1","2","0","0","0","0","0","0","1","2","0","0","0","0"
"246","0246.txt","phishing","ai","A_P_synthetic_phish.csv","1836","0","0","0","0","0","0","0","0","1","2","0","0","0","0","0","0","0","0","0","0","1","1"
"247","0247.txt","non-phishing","manuale","M_P_L_Nigerian_5.csv","5710","1","1","0","0","0","0","0","0","0","0","0","0","0","0","0","0","0","0","0","0","0","0"
"248","0248.txt","non-phishing","manuale","M_P_L_Nigerian_5.csv","1092","1","2","1","1","0","0","1","3","1","5","0","0","1","1","0","0","0","0","1","1","0","0"
"249","0249.txt","non-phishing","manuale","M_P_L_Nigerian_5.csv","235","1","6","0","0","0","0","0","0","0","0","0","0","0","0","0","0","0","0","1","1","0","0"
"250","0250.txt","phishing","manuale","M_P_L_Nigerian_5.csv","3669","1","4","1","1","0","0","0","0","0","0","0","0","0","0","0","0","1","4","0","0","0","0"
"251","0251.txt","phishing","manuale","M_P_Nazario.csv","546","0","0","0","0","0","0","0","0","0","0","0","0","0","0","0","0","0","0","0","0","1","1"
"252","0252.txt","phishing","ai","A_P_synthetic_phish.csv","204","1","2","0","0","0","0","0","0","0","0","0","0","0","0","0","0","0","0","0","0","0","0"
"253","0253.txt","non-phishing","manuale","M_P_L_Nigerian_5.csv","1519","0","0","0","0","0","0","1","1","0","0","0","0","0","0","0","0","0","0","0","0","0","0"
"254","0254.txt","non-phishing","manuale","M_P_L_Nigerian_5.csv","492","1","2","0","0","0","0","0","0","0","0","0","0","0","0","0","0","0","0","0","0","0","0"
"255","0255.txt","non-phishing","manuale","M_P_L_Nigerian_5.csv","676","0","0","0","0","0","0","0","0","0","0","0","0","0","0","0","0","0","0","0","0","0","0"
"256","0256.txt","phishing","manuale","M_P_L_Nigerian_5.csv","2711","0","0","1","5","0","0","0","0","0","0","1","1","0","0","0","0","1","3","0","0","1","2"
"257","0257.txt","non-phishing","manuale","M_P_L_Nigerian_5.csv","181","0","0","0","0","0","0","0","0","0","0","0","0","0","0","0","0","0","0","0","0","0","0"
"258","0258.txt","non-phishing","manuale","M_P_L_Nigerian_5.csv","383","0","0","0","0","0","0","0","0","0","0","0","0","0","0","0","0","0","0","0","0","0","0"
"259","0259.txt","phishing","manuale","M_P_Nazario.csv","1547","1","18","0","0","0","0","0","0","0","0","0","0","0","0","0","0","1","9","0","0","0","0"
"260","0260.txt","non-phishing","ai","A_L_kaggle.csv","216","1","4","1","1","0","0","0","0","0","0","0","0","0","0","0","0","1","5","0","0","1","1"
"261","0261.txt","phishing","manuale","M_P_Nazario.csv","698","1","6","1","1","1","1","0","0","0","0","0","0","0","0","0","0","0","0","1","1","1","2"
"262","0262.txt","phishing","manuale","M_P_L_Nigerian_5.csv","4615","1","2","1","3","0","0","0","0","0","0","0","0","0","0","0","0","1","2","0","0","1","2"
"263","0263.txt","phishing","ai","A_P_synthetic_phish.csv","4147","0","0","0","0","0","0","0","0","0","0","0","0","0","0","0","0","0","0","0","0","0","0"
"264","0264.txt","phishing","manuale","M_P_Nazario.csv","509","1","8","1","1","0","0","0","0","1","1","0","0","0","0","0","0","0","0","0","0","0","0"
"265","0265.txt","phishing","manuale","M_P_L_Nigerian_5.csv","3074","0","0","1","4","0","0","0","0","1","1","0","0","0","0","0","0","1","1","0","0","1","2"
"266","0266.txt","phishing","ai","A_P_synthetic_phish.csv","3779","0","0","1","1","0","0","0","0","0","0","0","0","0","0","0","0","0","0","0","0","1","1"
"267","0267.txt","non-phishing","manuale","M_P_L_Nigerian_5.csv","5504","0","0","0","0","1","1","0","0","0","0","0","0","1","1","0","0","0","0","0","0","0","0"
"268","0268.txt","non-phishing","manuale","M_P_L_Nigerian_5.csv","5635","0","0","0","0","0","0","0","0","0","0","0","0","0","0","0","0","0","0","0","0","0","0"
"269","0269.txt","phishing","manuale","M_P_L_Nigerian_5.csv","4412","0","0","1","1","0","0","0","0","0","0","1","1","0","0","0","0","1","1","0","0","1","1"
"270","0270.txt","phishing","manuale","M_P_Nazario.csv","1508","0","0","0","0","0","0","0","0","0","0","0","0","0","0","0","0","0","0","0","0","0","0"
"271","0271.txt","non-phishing","manuale","M_P_L_Nigerian_5.csv","1013","0","0","0","0","0","0","0","0","0","0","0","0","0","0","0","0","0","0","0","0","1","1"
"272","0272.txt","phishing","manuale","M_P_Nazario.csv","898","1","14","1","7","0","0","1","2","0","0","0","0","0","0","1","1","1","3","1","12","1","2"
"273","0273.txt","phishing","ai","A_P_synthetic_phish.csv","1947","1","6","0","0","1","1","0","0","0","0","0","0","1","1","0","0","0","0","0","0","1","1"
"274","0274.txt","phishing","manuale","M_P_L_Nigerian_5.csv","2371","0","0","0","0","0","0","0","0","0","0","0","0","0","0","0","0","1","1","0","0","0","0"
"275","0275.txt","non-phishing","manuale","M_P_L_Nigerian_5.csv","1558","0","0","0","0","0","0","1","1","0","0","0","0","0","0","0","0","0","0","1","1","0","0"
"276","0276.txt","phishing","manuale","M_P_L_Nigerian_5.csv","1826","0","0","1","3","0","0","1","2","1","2","0","0","0","0","0","0","0","0","0","0","1","1"
"277","0277.txt","phishing","ai","A_P_synthetic_phish.csv","3183","0","0","0","0","0","0","0","0","0","0","0","0","0","0","0","0","1","1","0","0","0","0"
"278","0278.txt","non-phishing","ai","A_L_kaggle.csv","332","1","8","1","1","0","0","1","1","0","0","1","1","0","0","0","0","0","0","0","0","1","3"
"279","0279.txt","phishing","manuale","M_P_L_Nigerian_5.csv","3328","0","0","1","3","0","0","1","1","1","1","0","0","0","0","0","0","0","0","0","0","1","1"
"280","0280.txt","non-phishing","manuale","M_P_L_Nigerian_5.csv","537","0","0","0","0","0","0","0","0","0","0","0","0","0","0","0","0","0","0","0","0","0","0"
"281","0281.txt","phishing","manuale","M_P_L_Nigerian_5.csv","3852","0","0","1","2","0","0","0","0","1","2","0","0","0","0","0","0","0","0","0","0","1","2"
"282","0282.txt","non-phishing","manuale","M_P_L_Nigerian_5.csv","39","1","12","1","2","0","0","1","2","1","2","0","0","0","0","0","0","0","0","1","4","0","0"
"283","0283.txt","phishing","manuale","M_P_Nazario.csv","185","0","0","1","6","0","0","1","2","1","2","0","0","0","0","0","0","0","0","1","1","0","0"
"284","0284.txt","phishing","manuale","M_P_Nazario.csv","1118","0","0","1","4","0","0","0","0","0","0","0","0","0","0","0","0","0","0","1","2","1","2"
"285","0285.txt","phishing","manuale","M_P_L_Nigerian_5.csv","3792","0","0","1","3","0","0","0","0","0","0","0","0","0","0","0","0","0","0","0","0","1","2"
"286","0286.txt","non-phishing","manuale","M_P_L_Nigerian_5.csv","6030","0","0","0","0","0","0","0","0","0","0","0","0","0","0","0","0","0","0","0","0","0","0"
"287","0287.txt","non-phishing","manuale","M_P_L_Nigerian_5.csv","536","0","0","0","0","0","0","0","0","0","0","0","0","0","0","0","0","1","1","1","2","0","0"
"288","0288.txt","phishing","manuale","M_P_L_Nigerian_5.csv","3990","0","0","1","5","0","0","1","3","1","2","0","0","0","0","0","0","1","1","0","0","1","1"
"289","0289.txt","phishing","manuale","M_P_Nazario.csv","1144","1","22","1","1","0","0","1","2","0","0","0","0","0","0","0","0","0","0","0","0","0","0"
"290","0290.txt","non-phishing","manuale","M_P_L_Nigerian_5.csv","1073","0","0","0","0","0","0","0","0","0","0","0","0","0","0","0","0","0","0","0","0","0","0"
"291","0291.txt","non-phishing","manuale","M_P_L_Nigerian_5.csv","240","0","0","0","0","0","0","0","0","0","0","0","0","0","0","0","0","0","0","0","0","0","0"
"292","0292.txt","phishing","manuale","M_P_L_Nigerian_5.csv","4541","1","2","1","2","0","0","0","0","0","0","1","1","0","0","0","0","1","5","0","0","1","1"
"293","0293.txt","phishing","manuale","M_P_L_Nigerian_5.csv","3145","0","0","1","4","0","0","0","0","1","2","0","0","0","0","0","0","1","3","0","0","0","0"
"294","0294.txt","non-phishing","manuale","M_P_L_Nigerian_5.csv","646","1","10","0","0","0","0","0","0","0","0","0","0","0","0","0","0","0","0","0","0","0","0"
"295","0295.txt","non-phishing","ai","A_L_kaggle.csv","804","1","2","1","1","0","0","0","0","0","0","0","0","0","0","0","0","0","0","0","0","1","1"
"296","0296.txt","phishing","manuale","M_P_L_Nigerian_5.csv","4605","1","1","0","0","0","0","0","0","0","0","0","0","0","0","0","0","1","4","0","0","0","0"
"297","0297.txt","phishing","manuale","M_P_Nazario.csv","1403","1","4","0","0","1","1","0","0","0","0","0","0","1","1","0","0","0","0","0","0","1","3"
"298","0298.txt","non-phishing","manuale","M_P_L_Nigerian_5.csv","5843","0","0","0","0","0","0","0","0","0","0","0","0","0","0","0","0","0","0","0","0","0","0"
"299","0299.txt","non-phishing","manuale","M_P_L_Nigerian_5.csv","6228","0","0","0","0","0","0","0","0","0","0","0","0","0","0","0","0","1","2","0","0","0","0"
"300","0300.txt","non-phishing","manuale","M_P_L_Nigerian_5.csv","250","1","2","0","0","0","0","0","0","0","0","0","0","0","0","0","0","1","1","1","1","0","0"
"301","0301.txt","phishing","manuale","M_P_L_Nigerian_5.csv","4278","1","2","0","0","0","0","1","2","1","1","0","0","0","0","0","0","1","1","1","2","1","2"
"302","0302.txt","phishing","manuale","M_P_L_Nigerian_5.csv","2059","1","4","1","2","0","0","0","0","1","3","1","1","0","0","0","0","1","11","0","0","0","0"
"303","0303.txt","phishing","manuale","M_P_Nazario.csv","1373","0","0","0","0","0","0","0","0","0","0","0","0","0","0","0","0","0","0","0","0","0","0"
"304","0304.txt","phishing","manuale","M_P_Nazario.csv","935","1","4","0","0","0","0","0","0","0","0","0","0","0","0","0","0","0","0","1","2","1","2"
"305","0305.txt","phishing","manuale","M_P_L_Nigerian_5.csv","4490","0","0","0","0","0","0","0","0","0","0","0","0","0","0","0","0","1","1","0","0","1","1"
"306","0306.txt","non-phishing","manuale","M_P_L_Nigerian_5.csv","879","0","0","1","1","0","0","0","0","0","0","0","0","0","0","0","0","0","0","0","0","0","0"
"307","0307.txt","phishing","manuale","M_P_L_Nigerian_5.csv","4906","0","0","1","2","0","0","0","0","0","0","0","0","0","0","0","0","1","3","1","1","1","2"
"308","0308.txt","non-phishing","ai","A_L_kaggle.csv","214","1","4","1","1","0","0","0","0","0","0","0","0","0","0","0","0","1","5","0","0","1","1"
"309","0309.txt","non-phishing","manuale","M_P_L_Nigerian_5.csv","1234","0","0","0","0","0","0","0","0","0","0","0","0","0","0","0","0","0","0","0","0","0","0"
"310","0310.txt","non-phishing","manuale","M_P_L_Nigerian_5.csv","543","0","0","1","2","0","0","0","0","0","0","0","0","0","0","0","0","1","2","0","0","0","0"
"311","0311.txt","non-phishing","manuale","M_P_L_Nigerian_5.csv","5132","0","0","0","0","0","0","0","0","0","0","0","0","0","0","0","0","0","0","0","0","0","0"
"312","0312.txt","non-phishing","manuale","M_P_L_Nigerian_5.csv","1757","0","0","0","0","1","3","0","0","0","0","0","0","0","0","1","1","0","0","0","0","0","0"
"313","0313.txt","non-phishing","manuale","M_P_L_Nigerian_5.csv","663","0","0","0","0","0","0","0","0","0","0","0","0","0","0","0","0","0","0","0","0","0","0"
"314","0314.txt","phishing","manuale","M_P_Nazario.csv","1372","1","2","0","0","0","0","0","0","0","0","0","0","0","0","0","0","0","0","0","0","1","1"
"315","0315.txt","non-phishing","manuale","M_P_L_Nigerian_5.csv","5331","0","0","0","0","0","0","0","0","0","0","0","0","0","0","0","0","0","0","0","0","0","0"
"316","0316.txt","non-phishing","manuale","M_P_L_Nigerian_5.csv","1091","0","0","0","0","0","0","0","0","0","0","1","1","0","0","0","0","1","1","0","0","0","0"
"317","0317.txt","phishing","ai","A_P_synthetic_phish.csv","929","1","2","0","0","0","0","0","0","0","0","0","0","1","1","0","0","0","0","0","0","0","0"
"318","0318.txt","non-phishing","manuale","M_P_L_Nigerian_5.csv","5981","1","6","1","2","1","1","0","0","0","0","0","0","0","0","0","0","0","0","1","1","0","0"
"319","0319.txt","phishing","ai","A_P_synthetic_phish.csv","1340","1","4","0","0","0","0","1","2","0","0","0","0","0","0","0","0","1","1","0","0","1","1"
"320","0320.txt","phishing","manuale","M_P_L_Nigerian_5.csv","4969","0","0","1","5","0","0","0","0","1","1","0","0","0","0","0","0","1","1","0","0","0","0"
"321","0321.txt","non-phishing","ai","A_L_kaggle.csv","274","1","2","1","1","0","0","0","0","0","0","0","0","0","0","0","0","0","0","0","0","1","1"
"322","0322.txt","non-phishing","manuale","M_P_L_Nigerian_5.csv","765","1","2","1","2","0","0","0","0","0","0","1","1","0","0","0","0","0","0","0","0","0","0"
"323","0323.txt","phishing","manuale","M_P_Nazario.csv","1263","1","8","0","0","0","0","0","0","1","2","0","0","0","0","0","0","1","6","1","2","0","0"
"324","0324.txt","non-phishing","manuale","M_P_L_Nigerian_5.csv","6016","0","0","0","0","0","0","0","0","0","0","0","0","0","0","0","0","0","0","0","0","0","0"
"325","0325.txt","non-phishing","manuale","M_P_L_Nigerian_5.csv","241","1","2","0","0","0","0","0","0","0","0","0","0","0","0","0","0","0","0","0","0","0","0"
"326","0326.txt","non-phishing","manuale","M_P_L_Nigerian_5.csv","1723","0","0","0","0","0","0","0","0","0","0","0","0","0","0","0","0","0","0","0","0","0","0"
"327","0327.txt","phishing","manuale","M_P_L_Nigerian_5.csv","2605","0","0","0","0","0","0","0","0","0","0","0","0","0","0","0","0","1","1","0","0","1","2"
"328","0328.txt","phishing","manuale","M_P_L_Nigerian_5.csv","1960","1","2","1","2","1","1","0","0","0","0","0","0","0","0","0","0","1","1","0","0","1","1"
"329","0329.txt","phishing","manuale","M_P_Nazario.csv","1229","0","0","0","0","0","0","0","0","1","1","0","0","1","5","0","0","1","1","0","0","1","1"
"330","0330.txt","phishing","manuale","M_P_L_Nigerian_5.csv","2582","0","0","0","0","0","0","0","0","1","2","1","1","0","0","0","0","1","2","0","0","1","1"
"331","0331.txt","non-phishing","manuale","M_P_L_Nigerian_5.csv","5709","1","2","0","0","0","0","0","0","0","0","0","0","0","0","0","0","0","0","0","0","0","0"
"332","0332.txt","non-phishing","manuale","M_P_L_Nigerian_5.csv","5604","0","0","1","1","0","0","0","0","0","0","0","0","0","0","1","1","0","0","0","0","0","0"
"333","0333.txt","non-phishing","manuale","M_P_L_Nigerian_5.csv","473","1","2","0","0","0","0","1","1","1","1","0","0","0","0","0","0","0","0","0","0","0","0"
"334","0334.txt","phishing","manuale","M_P_L_Nigerian_5.csv","1895","0","0","1","3","0","0","0","0","0","0","0","0","0","0","0","0","1","1","1","1","1","2"
"335","0335.txt","non-phishing","manuale","M_P_L_Nigerian_5.csv","5775","0","0","0","0","0","0","0","0","0","0","0","0","0","0","0","0","0","0","0","0","0","0"
"336","0336.txt","non-phishing","manuale","M_P_L_Nigerian_5.csv","837","0","0","0","0","0","0","0","0","0","0","0","0","0","0","0","0","0","0","0","0","0","0"
"337","0337.txt","phishing","manuale","M_P_L_Nigerian_5.csv","3891","0","0","1","1","0","0","0","0","1","1","0","0","0","0","0","0","0","0","1","2","1","1"
"338","0338.txt","non-phishing","ai","A_L_kaggle.csv","374","1","2","0","0","0","0","0","0","0","0","0","0","0","0","0","0","0","0","0","0","1","1"
"339","0339.txt","phishing","ai","A_P_synthetic_phish.csv","4595","0","0","0","0","0","0","0","0","0","0","0","0","0","0","0","0","0","0","1","1","0","0"
"340","0340.txt","phishing","manuale","M_P_L_Nigerian_5.csv","2509","0","0","1","4","0","0","0","0","1","1","0","0","0","0","0","0","1","2","0","0","1","1"
"341","0341.txt","non-phishing","manuale","M_P_L_Nigerian_5.csv","6280","1","2","0","0","0","0","0","0","0","0","0","0","0","0","0","0","0","0","0","0","0","0"
"342","0342.txt","non-phishing","manuale","M_P_L_Nigerian_5.csv","1372","0","0","0","0","0","0","0","0","0","0","0","0","0","0","0","0","1","1","0","0","0","0"
"343","0343.txt","non-phishing","manuale","M_P_L_Nigerian_5.csv","1648","0","0","1","1","0","0","0","0","0","0","0","0","0","0","0","0","0","0","0","0","0","0"
"344","0344.txt","non-phishing","manuale","M_P_L_Nigerian_5.csv","5210","1","2","0","0","0","0","0","0","0","0","0","0","0","0","0","0","0","0","0","0","0","0"
"345","0345.txt","non-phishing","manuale","M_P_L_Nigerian_5.csv","1232","0","0","0","0","0","0","0","0","0","0","0","0","0","0","0","0","0","0","0","0","0","0"
"346","0346.txt","non-phishing","manuale","M_P_L_Nigerian_5.csv","5563","0","0","1","1","0","0","0","0","0","0","0","0","0","0","0","0","0","0","0","0","1","1"
"347","0347.txt","phishing","ai","A_P_synthetic_phish.csv","2277","1","2","0","0","0","0","1","1","0","0","0","0","0","0","0","0","0","0","0","0","0","0"
"348","0348.txt","phishing","manuale","M_P_Nazario.csv","277","0","0","0","0","1","2","0","0","0","0","0","0","0","0","0","0","0","0","0","0","1","2"
"349","0349.txt","phishing","manuale","M_P_L_Nigerian_5.csv","2452","0","0","1","5","0","0","0","0","0","0","1","1","0","0","0","0","1","3","0","0","1","2"
"350","0350.txt","phishing","manuale","M_P_L_Nigerian_5.csv","3705","0","0","1","2","0","0","0","0","1","1","0","0","0","0","0","0","1","2","0","0","1","2"
"351","0351.txt","non-phishing","ai","A_L_kaggle.csv","67","1","2","0","0","0","0","0","0","0","0","0","0","0","0","0","0","1","2","0","0","1","3"
"352","0352.txt","non-phishing","manuale","M_P_L_Nigerian_5.csv","877","0","0","1","1","0","0","0","0","0","0","0","0","0","0","0","0","0","0","0","0","0","0"
"353","0353.txt","non-phishing","manuale","M_P_L_Nigerian_5.csv","6153","0","0","0","0","0","0","0","0","0","0","0","0","0","0","0","0","0","0","0","0","0","0"
"354","0354.txt","phishing","manuale","M_P_Nazario.csv","225","1","4","1","3","0","0","0","0","1","2","0","0","1","10","0","0","0","0","0","0","0","0"
"355","0355.txt","phishing","manuale","M_P_L_Nigerian_5.csv","5114","0","0","0","0","0","0","0","0","0","0","0","0","0","0","0","0","1","1","0","0","1","1"
"356","0356.txt","phishing","manuale","M_P_Nazario.csv","1068","1","4","0","0","0","0","0","0","0","0","0","0","0","0","0","0","0","0","1","1","1","1"
"357","0357.txt","phishing","manuale","M_P_Nazario.csv","1046","0","0","0","0","0","0","0","0","0","0","0","0","0","0","0","0","0","0","0","0","0","0"
"358","0358.txt","phishing","manuale","M_P_L_Nigerian_5.csv","3868","1","4","1","3","0","0","0","0","0","0","0","0","0","0","0","0","1","5","1","1","0","0"
"359","0359.txt","phishing","manuale","M_P_L_Nigerian_5.csv","3568","0","0","1","1","0","0","0","0","0","0","0","0","0","0","0","0","0","0","0","0","0","0"
"360","0360.txt","phishing","manuale","M_P_Nazario.csv","1516","1","12","0","0","0","0","0","0","0","0","0","0","0","0","0","0","1","7","0","0","1","3"
"361","0361.txt","phishing","manuale","M_P_L_Nigerian_5.csv","2970","0","0","1","1","0","0","0","0","1","1","0","0","0","0","0","0","1","6","0","0","0","0"
"362","0362.txt","phishing","ai","A_P_synthetic_phish.csv","4049","1","2","0","0","0","0","0","0","0","0","0","0","1","2","0","0","0","0","0","0","0","0"
"363","0363.txt","phishing","manuale","M_P_L_Nigerian_5.csv","1973","1","1","1","4","0","0","0","0","0","0","0","0","0","0","0","0","1","2","0","0","1","1"
"364","0364.txt","non-phishing","ai","A_L_kaggle.csv","284","1","2","0","0","0","0","0","0","0","0","0","0","0","0","0","0","0","0","0","0","1","3"
"365","0365.txt","non-phishing","manuale","M_P_L_Nigerian_5.csv","551","1","4","0","0","0","0","0","0","0","0","0","0","0","0","0","0","0","0","0","0","1","1"
"366","0366.txt","non-phishing","ai","A_L_kaggle.csv","665","0","0","0","0","0","0","0","0","0","0","0","0","0","0","0","0","0","0","0","0","1","2"
"367","0367.txt","phishing","manuale","M_P_L_Nigerian_5.csv","2753","0","0","0","0","0","0","0","0","0","0","1","1","0","0","0","0","1","5","0","0","1","2"
"368","0368.txt","non-phishing","manuale","M_P_L_Nigerian_5.csv","14","0","0","0","0","0","0","0","0","0","0","0","0","0","0","0","0","1","1","0","0","0","0"
"369","0369.txt","non-phishing","manuale","M_P_L_Nigerian_5.csv","1005","0","0","1","1","0","0","0","0","0","0","0","0","0","0","0","0","0","0","0","0","0","0"
"370","0370.txt","phishing","manuale","M_P_L_Nigerian_5.csv","3780","0","0","1","1","0","0","0","0","0","0","0","0","0","0","0","0","1","2","0","0","1","1"
"371","0371.txt","phishing","manuale","M_P_Nazario.csv","703","1","4","0","0","0","0","0","0","1","1","0","0","0","0","0","0","1","1","0","0","1","1"
"372","0372.txt","non-phishing","ai","A_L_kaggle.csv","234","1","2","0","0","0","0","0","0","0","0","0","0","0","0","0","0","0","0","0","0","1","1"
"373","0373.txt","phishing","ai","A_P_synthetic_phish.csv","1866","1","4","0","0","0","0","0","0","0","0","0","0","0","0","0","0","0","0","0","0","0","0"
"374","0374.txt","phishing","manuale","M_P_L_Nigerian_5.csv","4114","0","0","0","0","0","0","0","0","0","0","0","0","0","0","0","0","0","0","0","0","0","0"
"375","0375.txt","non-phishing","ai","A_L_kaggle.csv","57","1","4","0","0","0","0","1","1","0","0","0","0","0","0","0","0","0","0","0","0","1","3"
"376","0376.txt","non-phishing","ai","A_L_kaggle.csv","580","1","2","0","0","0","0","0","0","0","0","0","0","0","0","0","0","0","0","0","0","1","2"
"377","0377.txt","phishing","manuale","M_P_Nazario.csv","764","1","4","0","0","0","0","1","2","0","0","0","0","0","0","0","0","0","0","0","0","1","2"
"378","0378.txt","non-phishing","ai","A_L_kaggle.csv","276","1","2","0","0","0","0","0","0","0","0","0","0","0","0","0","0","0","0","0","0","1","1"
"379","0379.txt","non-phishing","manuale","M_P_L_Nigerian_5.csv","840","0","0","1","1","0","0","0","0","0","0","0","0","0","0","0","0","0","0","0","0","0","0"
"380","0380.txt","phishing","manuale","M_P_L_Nigerian_5.csv","2386","0","0","1","1","0","0","0","0","1","1","0","0","0","0","0","0","1","2","0","0","0","0"
"381","0381.txt","non-phishing","manuale","M_P_L_Nigerian_5.csv","206","1","2","0","0","0","0","0","0","0","0","0","0","0","0","0","0","0","0","1","1","0","0"
"382","0382.txt","phishing","manuale","M_P_L_Nigerian_5.csv","3562","0","0","0","0","0","0","0","0","1","1","0","0","0","0","0","0","1","2","0","0","1","1"
"383","0383.txt","non-phishing","ai","A_L_kaggle.csv","897","0","0","0","0","0","0","0","0","0","0","0","0","0","0","0","0","0","0","0","0","1","2"
"384","0384.txt","non-phishing","manuale","M_P_L_Nigerian_5.csv","282","1","2","1","4","0","0","0","0","0","0","0","0","0","0","0","0","1","2","0","0","0","0"
"385","0385.txt","phishing","manuale","M_P_Nazario.csv","174","1","16","0","0","0","0","0","0","0","0","0","0","0","0","0","0","1","1","0","0","1","2"
"386","0386.txt","non-phishing","manuale","M_P_L_Nigerian_5.csv","1245","0","0","0","0","0","0","0","0","0","0","0","0","0","0","0","0","0","0","0","0","1","1"
"387","0387.txt","phishing","manuale","M_P_L_Nigerian_5.csv","4002","0","0","0","0","0","0","0","0","0","0","0","0","0","0","0","0","1","1","0","0","1","1"
"388","0388.txt","phishing","manuale","M_P_L_Nigerian_5.csv","3473","1","3","1","1","0","0","0","0","1","1","0","0","0","0","0","0","1","6","0","0","1","2"
"389","0389.txt","phishing","ai","A_P_synthetic_phish.csv","2400","1","2","0","0","0","0","0","0","0","0","0","0","0","0","0","0","0","0","0","0","1","1"
"390","0390.txt","phishing","manuale","M_P_L_Nigerian_5.csv","4902","1","2","0","0","0","0","0","0","0","0","0","0","0","0","0","0","0","0","0","0","1","2"
"391","0391.txt","phishing","manuale","M_P_L_Nigerian_5.csv","1803","1","4","0","0","0","0","0","0","0","0","1","1","0","0","0","0","1","4","1","1","1","2"
"392","0392.txt","phishing","ai","A_P_synthetic_phish.csv","53","1","7","0","0","0","0","0","0","0","0","0","0","0","0","0","0","0","0","0","0","0","0"
"393","0393.txt","non-phishing","ai","A_L_kaggle.csv","273","1","2","1","2","0","0","0","0","0","0","0","0","0","0","0","0","0","0","0","0","1","1"
"394","0394.txt","phishing","manuale","M_P_Nazario.csv","47","1","6","0","0","1","1","0","0","0","0","0","0","0","0","0","0","0","0","0","0","1","2"
"395","0395.txt","non-phishing","ai","A_L_kaggle.csv","250","1","2","0","0","0","0","0","0","0","0","0","0","0","0","0","0","0","0","0","0","1","1"
"396","0396.txt","non-phishing","manuale","M_P_L_Nigerian_5.csv","5558","0","0","1","1","0","0","0","0","0","0","0","0","0","0","0","0","0","0","0","0","0","0"
"397","0397.txt","non-phishing","manuale","M_P_L_Nigerian_5.csv","279","1","5","0","0","0","0","0","0","0","0","0","0","0","0","0","0","1","1","0","0","0","0"
"398","0398.txt","phishing","manuale","M_P_Nazario.csv","417","1","6","0","0","1","1","0","0","0","0","0","0","0","0","0","0","0","0","0","0","0","0"
"399","0399.txt","phishing","ai","A_P_synthetic_phish.csv","1881","1","4","1","1","0","0","1","2","0","0","0","0","0","0","0","0","0","0","0","0","0","0"
"400","0400.txt","non-phishing","manuale","M_P_L_Nigerian_5.csv","895","0","0","0","0","0","0","0","0","0","0","0","0","0","0","0","0","0","0","0","0","0","0"
"2001","2001.txt","phishing","mistral-small:24b","n/d","0","1","6","1","2","0","0","1","2","0","0","0","0","0","0","0","0","0","0","1","1","1","3"
"2002","2002.txt","non-phishing","mistral-small:24b","n/d","0","1","6","1","4","0","0","0","0","0","0","0","0","0","0","0","0","0","0","0","0","1","1"
"2003","2003.txt","non-phishing","mistral-small:24b","n/d","0","1","8","0","0","0","0","1","1","0","0","0","0","0","0","0","0","0","0","0","0","1","3"
"2004","2004.txt","phishing","mistral-small:24b","n/d","0","1","4","1","2","0","0","0","0","0","0","0","0","0","0","0","0","0","0","0","0","1","3"
"2005","2005.txt","phishing","mistral-small:24b","n/d","0","1","2","1","1","1","6","0","0","1","1","0","0","0","0","0","0","1","3","0","0","1","3"
"2006","2006.txt","phishing","mistral-small:24b","n/d","0","1","2","1","1","1","7","1","2","1","3","1","1","0","0","0","0","1","1","0","0","1","3"
"2007","2007.txt","non-phishing","mistral-small:24b","n/d","0","1","8","0","0","0","0","1","3","0","0","0","0","0","0","0","0","0","0","0","0","1","3"
"2008","2008.txt","non-phishing","mistral-small:24b","n/d","0","1","2","0","0","0","0","1","1","0","0","0","0","0","0","0","0","0","0","0","0","1","3"
"2009","2009.txt","phishing","mistral-small:24b","n/d","0","1","4","1","2","0","0","1","1","0","0","0","0","0","0","0","0","0","0","0","0","1","3"
"2010","2010.txt","non-phishing","mistral-small:24b","n/d","0","1","4","1","4","0","0","0","0","0","0","0","0","0","0","0","0","0","0","0","0","1","2"
"2011","2011.txt","non-phishing","mistral-small:24b","n/d","0","1","6","0","0","0","0","0","0","0","0","0","0","0","0","0","0","1","2","0","0","1","3"
"2012","2012.txt","phishing","mistral-small:24b","n/d","0","1","4","0","0","1","6","1","2","1","1","0","0","0","0","0","0","1","3","0","0","1","3"
"2013","2013.txt","phishing","mistral-small:24b","n/d","0","1","8","1","2","0","0","1","1","0","0","0","0","0","0","0","0","0","0","1","1","1","3"
"2014","2014.txt","phishing","mistral-small:24b","n/d","0","1","4","1","1","1","7","1","2","1","1","0","0","0","0","0","0","1","3","0","0","1","3"
"2015","2015.txt","non-phishing","mistral-small:24b","n/d","0","1","8","0","0","0","0","1","1","0","0","0","0","0","0","0","0","0","0","0","0","1","3"
"2016","2016.txt","non-phishing","mistral-small:24b","n/d","0","1","4","1","2","0","0","1","3","0","0","0","0","0","0","0","0","0","0","0","0","1","3"
"2017","2017.txt","non-phishing","mistral-small:24b","n/d","0","1","6","0","0","0","0","0","0","0","0","0","0","0","0","0","0","1","2","0","0","1","3"
"2018","2018.txt","phishing","mistral-small:24b","n/d","0","1","4","1","1","1","7","1","3","1","2","0","0","0","0","0","0","1","2","0","0","1","3"
"2019","2019.txt","non-phishing","mistral-small:24b","n/d","0","1","2","0","0","0","0","1","1","0","0","0","0","0","0","0","0","0","0","0","0","1","2"
"2020","2020.txt","non-phishing","mistral-small:24b","n/d","0","1","8","1","1","0","0","1","1","0","0","0","0","0","0","1","3","0","0","0","0","1","3"
"2021","2021.txt","non-phishing","mistral-small:24b","n/d","0","1","2","0","0","0","0","1","1","0","0","0","0","0","0","0","0","0","0","0","0","1","2"
"2022","2022.txt","non-phishing","mistral-small:24b","n/d","0","1","6","0","0","0","0","1","1","0","0","0","0","0","0","0","0","0","0","0","0","1","3"
"2023","2023.txt","non-phishing","mistral-small:24b","n/d","0","1","2","0","0","0","0","1","1","0","0","0","0","0","0","0","0","0","0","0","0","1","2"
"2024","2024.txt","phishing","mistral-small:24b","n/d","0","1","6","1","1","0","0","1","2","0","0","0","0","0","0","0","0","0","0","1","1","1","3"
"2025","2025.txt","phishing","mistral-small:24b","n/d","0","1","4","1","2","0","0","0","0","0","0","0","0","0","0","0","0","0","0","0","0","1","3"
"2026","2026.txt","non-phishing","mistral-small:24b","n/d","0","1","4","0","0","0","0","1","1","0","0","0","0","0","0","0","0","0","0","0","0","1","3"
"2027","2027.txt","non-phishing","mistral-small:24b","n/d","0","1","4","1","4","0","0","0","0","0","0","0","0","0","0","0","0","0","0","0","0","1","2"
"2028","2028.txt","phishing","mistral-small:24b","n/d","0","1","2","1","1","0","0","1","3","0","0","0","0","0","0","0","0","0","0","0","0","1","3"
"2029","2029.txt","non-phishing","mistral-small:24b","n/d","0","1","8","1","1","0","0","1","1","0","0","0","0","0","0","0","0","0","0","0","0","1","3"
"2030","2030.txt","phishing","mistral-small:24b","n/d","0","1","7","1","2","0","0","1","1","0","0","0","0","0","0","0","0","0","0","0","0","1","3"
"2031","2031.txt","non-phishing","mistral-small:24b","n/d","0","1","6","1","4","0","0","0","0","0","0","0","0","0","0","0","0","0","0","0","0","1","1"
"2032","2032.txt","non-phishing","mistral-small:24b","n/d","0","1","4","0","0","0","0","0","0","0","0","0","0","0","0","0","0","1","3","0","0","1","3"
"2033","2033.txt","non-phishing","mistral-small:24b","n/d","0","1","6","1","2","0","0","1","2","0","0","0","0","0","0","0","0","0","0","0","0","1","2"
"2034","2034.txt","non-phishing","mistral-small:24b","n/d","0","1","8","0","0","0","0","1","3","0","0","0","0","0","0","0","0","0","0","0","0","1","3"
"2035","2035.txt","phishing","mistral-small:24b","n/d","0","1","2","1","1","0","0","1","2","0","0","0","0","0","0","0","0","0","0","0","0","1","3"
"2036","2036.txt","phishing","mistral-small:24b","n/d","0","1","6","1","2","0","0","1","1","0","0","0","0","0","0","0","0","0","0","1","1","1","3"
"2037","2037.txt","phishing","mistral-small:24b","n/d","0","1","6","1","2","0","0","1","1","0","0","0","0","0","0","0","0","0","0","1","1","1","3"
"2038","2038.txt","phishing","mistral-small:24b","n/d","0","1","4","1","2","0","0","0","0","0","0","0","0","0","0","0","0","0","0","0","0","1","3"
"2039","2039.txt","non-phishing","mistral-small:24b","n/d","0","1","6","0","0","0","0","1","1","0","0","0","0","0","0","0","0","0","0","0","0","1","3"
"2040","2040.txt","phishing","mistral-small:24b","n/d","0","1","2","1","1","0","0","1","3","0","0","0","0","0","0","0","0","0","0","0","0","1","3"
"2041","2041.txt","phishing","mistral-small:24b","n/d","0","1","4","0","0","1","7","1","2","1","2","0","0","0","0","0","0","1","1","0","0","1","3"
"2042","2042.txt","phishing","mistral-small:24b","n/d","0","1","4","1","2","0","0","0","0","0","0","0","0","0","0","0","0","0","0","0","0","1","3"
"2043","2043.txt","non-phishing","mistral-small:24b","n/d","0","1","6","1","4","0","0","0","0","0","0","0","0","0","0","0","0","0","0","0","0","0","0"
"2044","2044.txt","phishing","mistral-small:24b","n/d","0","1","6","1","1","0","0","1","1","1","1","1","5","0","0","0","0","1","1","0","0","1","3"
"2045","2045.txt","phishing","mistral-small:24b","n/d","0","1","4","1","2","0","0","0","0","0","0","0","0","0","0","0","0","0","0","0","0","1","3"
"2046","2046.txt","phishing","mistral-small:24b","n/d","0","1","8","1","2","0","0","1","2","1","1","1","5","0","0","0","0","1","1","0","0","1","3"
"2047","2047.txt","non-phishing","mistral-small:24b","n/d","0","1","6","0","0","0","0","0","0","0","0","0","0","0","0","0","0","1","2","0","0","1","3"
"2048","2048.txt","non-phishing","mistral-small:24b","n/d","0","1","6","0","0","0","0","0","0","0","0","0","0","0","0","0","0","1","3","0","0","1","3"
"2049","2049.txt","phishing","mistral-small:24b","n/d","0","1","4","1","2","0","0","0","0","0","0","0","0","0","0","0","0","0","0","0","0","1","3"
"2050","2050.txt","non-phishing","mistral-small:24b","n/d","0","1","8","1","1","0","0","1","3","0","0","0","0","0","0","0","0","0","0","0","0","1","3"
"2051","2051.txt","phishing","mistral-small:24b","n/d","0","1","4","1","2","0","0","1","1","0","0","0","0","0","0","0","0","0","0","0","0","1","3"
"2052","2052.txt","phishing","mistral-small:24b","n/d","0","1","6","1","2","0","0","1","1","0","0","0","0","0","0","0","0","0","0","1","1","1","3"
"2053","2053.txt","non-phishing","mistral-small:24b","n/d","0","1","4","0","0","0","0","0","0","0","0","0","0","0","0","0","0","1","2","0","0","1","4"
"2054","2054.txt","phishing","mistral-small:24b","n/d","0","1","6","1","2","0","0","1","1","0","0","0","0","0","0","0","0","0","0","1","1","1","3"
"2055","2055.txt","non-phishing","mistral-small:24b","n/d","0","1","4","1","1","0","0","1","3","0","0","0","0","0","0","0","0","0","0","0","0","1","3"
"2056","2056.txt","non-phishing","mistral-small:24b","n/d","0","1","8","1","1","0","0","1","4","0","0","0","0","0","0","0","0","0","0","0","0","1","3"
"2057","2057.txt","phishing","mistral-small:24b","n/d","0","1","4","1","2","0","0","0","0","0","0","0","0","0","0","0","0","0","0","0","0","1","3"
"2058","2058.txt","non-phishing","mistral-small:24b","n/d","0","1","8","0","0","0","0","1","3","0","0","0","0","0","0","0","0","0","0","0","0","1","3"
"2059","2059.txt","non-phishing","mistral-small:24b","n/d","0","1","4","0","0","0","0","0","0","0","0","0","0","0","0","0","0","1","2","0","0","1","4"
"2060","2060.txt","phishing","mistral-small:24b","n/d","0","1","6","1","1","0","0","1","2","1","1","1","5","0","0","0","0","1","1","0","0","1","3"
"2061","2061.txt","non-phishing","mistral-small:24b","n/d","0","1","4","1","1","0","0","0","0","0","0","0","0","0","0","0","0","0","0","0","0","0","0"
"2062","2062.txt","non-phishing","mistral-small:24b","n/d","0","1","6","1","2","0","0","1","3","0","0","0","0","0","0","0","0","0","0","0","0","1","3"
"2063","2063.txt","non-phishing","mistral-small:24b","n/d","0","1","6","1","4","0","0","0","0","0","0","0","0","0","0","0","0","0","0","0","0","0","0"
"2064","2064.txt","non-phishing","mistral-small:24b","n/d","0","1","8","0","0","0","0","0","0","0","0","0","0","0","0","0","0","1","2","0","0","1","3"
"2065","2065.txt","phishing","mistral-small:24b","n/d","0","1","4","1","2","0","0","0","0","0","0","0","0","0","0","0","0","0","0","0","0","1","3"
"2066","2066.txt","phishing","mistral-small:24b","n/d","0","1","4","1","1","1","5","1","1","1","2","0","0","0","0","0","0","1","2","0","0","1","3"
"2067","2067.txt","non-phishing","mistral-small:24b","n/d","0","1","6","0","0","0","0","1","1","0","0","0","0","0","0","0","0","0","0","0","0","1","3"
"2068","2068.txt","non-phishing","mistral-small:24b","n/d","0","1","6","0","0","0","0","0","0","0","0","0","0","0","0","0","0","1","3","0","0","1","3"
"2069","2069.txt","non-phishing","mistral-small:24b","n/d","0","1","8","1","1","0","0","1","1","0","0","0","0","0","0","1","3","0","0","0","0","1","3"
"2070","2070.txt","non-phishing","mistral-small:24b","n/d","0","1","6","0","0","0","0","1","3","0","0","0","0","0","0","0","0","0","0","0","0","1","3"
"2071","2071.txt","non-phishing","mistral-small:24b","n/d","0","1","8","1","1","0","0","1","2","0","0","0","0","0","0","0","0","0","0","0","0","1","3"
"2072","2072.txt","phishing","mistral-small:24b","n/d","0","1","2","1","1","1","7","1","1","1","2","0","0","0","0","0","0","0","0","0","0","1","3"
"2073","2073.txt","phishing","mistral-small:24b","n/d","0","1","2","1","1","0","0","1","2","0","0","0","0","0","0","0","0","0","0","0","0","1","3"
"2074","2074.txt","phishing","mistral-small:24b","n/d","0","1","4","0","0","1","6","1","2","1","1","0","0","0","0","0","0","1","3","0","0","1","3"
"2075","2075.txt","non-phishing","mistral-small:24b","n/d","0","1","6","0","0","0","0","1","1","0","0","0","0","0","0","0","0","0","0","0","0","1","3"
"2076","2076.txt","non-phishing","mistral-small:24b","n/d","0","1","8","0","0","0","0","1","5","0","0","0","0","0","0","0","0","0","0","0","0","1","3"
"2077","2077.txt","phishing","mistral-small:24b","n/d","0","1","10","1","2","0","0","1","1","0","0","0","0","0","0","0","0","0","0","1","1","1","3"
"2078","2078.txt","phishing","mistral-small:24b","n/d","0","1","4","1","2","0","0","0","0","0","0","0","0","0","0","0","0","0","0","0","0","1","3"
"2079","2079.txt","phishing","mistral-small:24b","n/d","0","1","4","1","2","0","0","1","1","1","2","1","5","0","0","0","0","1","1","0","0","1","3"
"2080","2080.txt","phishing","mistral-small:24b","n/d","0","1","4","1","1","1","7","1","3","1","2","0","0","0","0","0","0","1","1","0","0","1","3"
"2081","2081.txt","phishing","mistral-small:24b","n/d","0","1","4","1","2","0","0","0","0","0","0","0","0","0","0","0","0","0","0","0","0","1","3"
"2082","2082.txt","phishing","mistral-small:24b","n/d","0","1","2","0","0","1","6","1","1","1","2","0","0","0","0","0","0","0","0","0","0","1","3"
"2083","2083.txt","phishing","mistral-small:24b","n/d","0","1","6","1","2","0","0","1","1","0","0","0","0","0","0","0","0","0","0","0","0","1","3"
"2084","2084.txt","non-phishing","mistral-small:24b","n/d","0","1","4","0","0","0","0","1","1","0","0","0","0","0","0","0","0","0","0","0","0","1","3"
"2085","2085.txt","non-phishing","mistral-small:24b","n/d","0","1","4","0","0","0","0","0","0","0","0","0","0","0","0","0","0","1","3","0","0","1","4"
"2086","2086.txt","non-phishing","mistral-small:24b","n/d","0","1","6","0","0","0","0","1","1","0","0","0","0","0","0","0","0","0","0","0","0","1","3"
"2087","2087.txt","non-phishing","mistral-small:24b","n/d","0","1","6","1","2","0","0","0","0","0","0","0","0","0","0","0","0","0","0","0","0","1","2"
"2088","2088.txt","phishing","mistral-small:24b","n/d","0","1","4","1","2","0","0","0","0","0","0","0","0","0","0","0","0","0","0","0","0","1","3"
"2089","2089.txt","phishing","mistral-small:24b","n/d","0","1","4","1","2","0","0","0","0","0","0","0","0","0","0","0","0","0","0","0","0","1","3"
"2090","2090.txt","phishing","mistral-small:24b","n/d","0","1","6","1","2","0","0","1","2","0","0","0","0","0","0","0","0","0","0","1","1","1","3"
"2091","2091.txt","phishing","mistral-small:24b","n/d","0","1","4","1","2","0","0","0","0","0","0","0","0","0","0","0","0","0","0","0","0","1","3"
"2092","2092.txt","phishing","mistral-small:24b","n/d","0","1","6","1","1","1","1","1","2","1","1","1","4","0","0","0","0","1","1","0","0","1","3"
"2093","2093.txt","phishing","mistral-small:24b","n/d","0","1","5","1","2","0","0","0","0","0","0","0","0","0","0","0","0","0","0","0","0","1","3"
"2094","2094.txt","non-phishing","mistral-small:24b","n/d","0","1","4","0","0","0","0","1","1","0","0","0","0","0","0","0","0","0","0","0","0","1","3"
"2095","2095.txt","phishing","mistral-small:24b","n/d","0","1","4","1","1","1","6","0","0","1","1","0","0","0","0","0","0","1","1","0","0","1","3"
"2096","2096.txt","phishing","mistral-small:24b","n/d","0","1","6","1","2","0","0","1","1","0","0","0","0","0","0","0","0","0","0","1","1","1","3"
"2097","2097.txt","non-phishing","mistral-small:24b","n/d","0","1","8","1","1","0","0","1","3","0","0","0","0","0","0","0","0","0","0","0","0","1","3"
"2098","2098.txt","non-phishing","mistral-small:24b","n/d","0","1","8","0","0","0","0","1","1","0","0","0","0","0","0","0","0","0","0","0","0","1","3"
"2099","2099.txt","non-phishing","mistral-small:24b","n/d","0","1","4","0","0","0","0","1","1","0","0","0","0","0","0","0","0","0","0","0","0","1","3"
"2100","2100.txt","phishing","mistral-small:24b","n/d","0","1","2","1","1","1","7","1","3","1","2","0","0","0","0","0","0","0","0","0","0","1","3"
"1001","1001.txt","phishing","llama3","n/d","0","1","8","0","0","0","0","1","2","0","0","0","0","0","0","0","0","0","0","0","0","1","3"
"1002","1002.txt","non-phishing","llama3","n/d","0","1","4","0","0","0","0","0","0","0","0","0","0","0","0","0","0","0","0","0","0","1","2"
"1003","1003.txt","non-phishing","llama3","n/d","0","1","6","0","0","0","0","0","0","0","0","0","0","0","0","0","0","0","0","0","0","1","2"
"1004","1004.txt","phishing","llama3","n/d","0","1","8","1","2","0","0","1","1","0","0","0","0","0","0","0","0","0","0","0","0","1","3"
"1005","1005.txt","phishing","llama3","n/d","0","1","2","1","1","1","6","1","1","1","1","0","0","0","0","0","0","0","0","0","0","1","2"
"1006","1006.txt","phishing","llama3","n/d","0","1","4","1","1","1","5","0","0","1","1","0","0","0","0","0","0","1","2","0","0","1","2"
"1007","1007.txt","non-phishing","llama3","n/d","0","1","8","0","0","0","0","1","3","0","0","0","0","0","0","0","0","0","0","0","0","1","3"
"1008","1008.txt","non-phishing","llama3","n/d","0","1","2","0","0","0","0","1","1","0","0","0","0","0","0","0","0","0","0","0","0","1","3"
"1009","1009.txt","phishing","llama3","n/d","0","1","6","1","2","0","0","1","2","0","0","0","0","0","0","0","0","0","0","0","0","1","2"
"1010","1010.txt","non-phishing","llama3","n/d","0","1","6","1","1","0","0","0","0","0","0","0","0","0","0","0","0","0","0","0","0","1","2"
"1011","1011.txt","non-phishing","llama3","n/d","0","1","2","0","0","0","0","0","0","0","0","0","0","0","0","0","0","1","1","0","0","1","2"
"1012","1012.txt","phishing","llama3","n/d","0","0","0","1","1","1","5","0","0","1","4","0","0","0","0","0","0","1","1","0","0","1","2"
"1013","1013.txt","phishing","llama3","n/d","0","1","6","0","0","0","0","1","2","0","0","0","0","0","0","0","0","0","0","0","0","1","3"
"1014","1014.txt","phishing","llama3","n/d","0","0","0","1","1","1","6","1","2","1","1","0","0","0","0","0","0","1","2","0","0","1","2"
"1015","1015.txt","non-phishing","llama3","n/d","0","1","10","0","0","0","0","1","2","0","0","0","0","0","0","0","0","0","0","0","0","1","3"
"1016","1016.txt","non-phishing","llama3","n/d","0","1","10","0","0","0","0","1","3","0","0","1","1","0","0","0","0","0","0","0","0","1","3"
"1017","1017.txt","non-phishing","llama3","n/d","0","1","10","0","0","0","0","0","0","0","0","0","0","1","1","0","0","1","3","0","0","1","3"
"1018","1018.txt","phishing","llama3","n/d","0","1","2","1","1","1","8","0","0","1","1","0","0","0","0","0","0","0","0","0","0","1","2"
"1019","1019.txt","non-phishing","llama3","n/d","0","1","4","0","0","0","0","1","1","0","0","0","0","0","0","0","0","0","0","0","0","1","2"
"1020","1020.txt","non-phishing","llama3","n/d","0","1","4","1","1","0","0","1","1","0","0","0","0","0","0","0","0","0","0","0","0","1","3"
"1021","1021.txt","non-phishing","llama3","n/d","0","1","4","0","0","0","0","0","0","0","0","0","0","0","0","0","0","0","0","0","0","1","2"
"1022","1022.txt","non-phishing","llama3","n/d","0","1","8","0","0","0","0","0","0","0","0","1","1","0","0","0","0","0","0","0","0","1","3"
"1023","1023.txt","non-phishing","llama3","n/d","0","1","4","0","0","0","0","0","0","0","0","0","0","0","0","0","0","0","0","0","0","1","2"
"1024","1024.txt","phishing","llama3","n/d","0","1","16","1","2","0","0","1","3","0","0","0","0","0","0","0","0","0","0","0","0","1","3"
"1025","1025.txt","phishing","llama3","n/d","0","1","6","1","1","0","0","0","0","0","0","0","0","0","0","0","0","0","0","0","0","1","3"
"1026","1026.txt","non-phishing","llama3","n/d","0","1","2","0","0","0","0","1","1","0","0","0","0","0","0","0","0","0","0","0","0","1","2"
"1027","1027.txt","non-phishing","llama3","n/d","0","1","6","0","0","0","0","0","0","0","0","0","0","0","0","0","0","0","0","0","0","1","2"
"1028","1028.txt","phishing","llama3","n/d","0","1","2","1","2","0","0","1","1","0","0","1","1","0","0","0","0","0","0","0","0","1","3"
"1029","1029.txt","non-phishing","llama3","n/d","0","1","10","0","0","0","0","0","0","0","0","0","0","0","0","0","0","0","0","0","0","1","2"
"1030","1030.txt","phishing","llama3","n/d","0","1","4","1","3","0","0","0","0","0","0","0","0","0","0","0","0","0","0","0","0","1","2"
"1031","1031.txt","non-phishing","llama3","n/d","0","1","6","0","0","0","0","0","0","0","0","0","0","0","0","0","0","0","0","0","0","1","2"
"1032","1032.txt","non-phishing","llama3","n/d","0","1","6","1","1","0","0","1","2","0","0","0","0","1","1","0","0","1","2","0","0","1","3"
"1033","1033.txt","non-phishing","llama3","n/d","0","1","8","0","0","0","0","1","1","0","0","0","0","0","0","0","0","0","0","0","0","1","3"
"1034","1034.txt","non-phishing","llama3","n/d","0","1","12","0","0","0","0","1","2","0","0","0","0","0","0","0","0","0","0","1","1","1","2"
"1035","1035.txt","phishing","llama3","n/d","0","1","6","1","1","0","0","1","2","0","0","1","1","0","0","0","0","0","0","0","0","1","3"
"1036","1036.txt","phishing","llama3","n/d","0","1","8","0","0","0","0","1","1","0","0","0","0","0","0","0","0","0","0","0","0","1","2"
"1037","1037.txt","phishing","llama3","n/d","0","1","4","1","1","0","0","1","3","0","0","1","1","0","0","0","0","0","0","0","0","1","3"
"1038","1038.txt","phishing","llama3","n/d","0","1","10","1","2","0","0","0","0","0","0","0","0","0","0","0","0","0","0","0","0","1","2"
"1039","1039.txt","non-phishing","llama3","n/d","0","1","2","0","0","0","0","0","0","1","1","1","1","0","0","0","0","0","0","0","0","1","2"
"1040","1040.txt","phishing","llama3","n/d","0","1","2","1","1","0","0","1","1","0","0","0","0","0","0","0","0","0","0","1","3","1","3"
"1041","1041.txt","phishing","llama3","n/d","0","1","4","1","1","1","6","0","0","1","4","0","0","0","0","0","0","1","1","0","0","1","2"
"1042","1042.txt","phishing","llama3","n/d","0","1","8","1","2","0","0","0","0","0","0","0","0","0","0","0","0","0","0","0","0","1","2"
"1043","1043.txt","non-phishing","llama3","n/d","0","1","4","0","0","0","0","0","0","0","0","0","0","0","0","0","0","0","0","0","0","1","2"
"1044","1044.txt","phishing","llama3","n/d","0","1","6","1","2","0","0","0","0","0","0","1","4","0","0","0","0","0","0","0","0","1","3"
"1045","1045.txt","phishing","llama3","n/d","0","1","12","1","3","0","0","0","0","0","0","0","0","0","0","0","0","0","0","0","0","1","2"
"1046","1046.txt","phishing","llama3","n/d","0","1","4","1","1","1","1","0","0","0","0","1","1","0","0","0","0","0","0","0","0","1","2"
"1047","1047.txt","non-phishing","llama3","n/d","0","1","4","1","2","0","0","0","0","0","0","0","0","0","0","0","0","1","3","0","0","1","3"
"1048","1048.txt","non-phishing","llama3","n/d","0","1","4","0","0","0","0","1","2","0","0","0","0","0","0","0","0","1","1","0","0","1","2"
"1049","1049.txt","phishing","llama3","n/d","0","1","8","1","3","0","0","0","0","0","0","0","0","0","0","0","0","0","0","0","0","1","3"
"1050","1050.txt","non-phishing","llama3","n/d","0","1","12","0","0","0","0","1","2","0","0","0","0","1","1","0","0","0","0","0","0","1","3"
"1051","1051.txt","phishing","llama3","n/d","0","1","6","1","2","0","0","0","0","0","0","0","0","0","0","0","0","0","0","0","0","1","2"
"1052","1052.txt","phishing","llama3","n/d","0","1","10","1","1","0","0","1","2","0","0","0","0","0","0","0","0","0","0","0","0","1","3"
"1053","1053.txt","non-phishing","llama3","n/d","0","1","6","1","1","0","0","0","0","0","0","0","0","0","0","0","0","1","2","0","0","1","2"
"1054","1054.txt","phishing","llama3","n/d","0","1","8","1","1","0","0","1","1","0","0","0","0","0","0","0","0","0","0","0","0","1","3"
"1055","1055.txt","non-phishing","llama3","n/d","0","1","14","0","0","0","0","1","2","0","0","1","1","0","0","0","0","0","0","0","0","1","3"
"1056","1056.txt","non-phishing","llama3","n/d","0","1","12","0","0","0","0","0","0","1","1","0","0","0","0","0","0","0","0","0","0","1","3"
"1057","1057.txt","phishing","llama3","n/d","0","1","12","1","3","0","0","0","0","0","0","0","0","0","0","0","0","0","0","0","0","1","2"
"1058","1058.txt","non-phishing","llama3","n/d","0","1","8","0","0","0","0","1","3","0","0","0","0","0","0","0","0","0","0","1","1","1","2"
"1059","1059.txt","non-phishing","llama3","n/d","0","1","6","0","0","0","0","0","0","0","0","0","0","0","0","0","0","1","2","0","0","1","2"
"1060","1060.txt","phishing","llama3","n/d","0","1","6","1","1","0","0","0","0","0","0","1","4","1","1","0","0","1","1","0","0","1","3"
"1061","1061.txt","non-phishing","llama3","n/d","0","1","6","0","0","0","0","0","0","0","0","0","0","0","0","0","0","0","0","0","0","1","2"
"1062","1062.txt","non-phishing","llama3","n/d","0","1","6","0","0","0","0","1","2","1","1","0","0","0","0","0","0","0","0","1","1","1","3"
"1063","1063.txt","non-phishing","llama3","n/d","0","1","10","0","0","0","0","0","0","0","0","0","0","0","0","0","0","0","0","0","0","1","2"
"1064","1064.txt","non-phishing","llama3","n/d","0","1","4","0","0","0","0","0","0","0","0","0","0","0","0","0","0","1","1","0","0","1","3"
"1065","1065.txt","phishing","llama3","n/d","0","1","8","1","2","0","0","0","0","0","0","0","0","0","0","0","0","0","0","0","0","1","2"
"1066","1066.txt","phishing","llama3","n/d","0","0","0","1","1","1","5","0","0","1","1","0","0","0","0","0","0","1","3","0","0","1","2"
"1067","1067.txt","non-phishing","llama3","n/d","0","1","4","0","0","0","0","1","1","0","0","0","0","0","0","1","1","0","0","0","0","1","1"
"1068","1068.txt","non-phishing","llama3","n/d","0","1","6","0","0","0","0","0","0","0","0","0","0","0","0","0","0","1","2","0","0","1","2"
"1069","1069.txt","non-phishing","llama3","n/d","0","1","10","0","0","0","0","1","1","0","0","0","0","0","0","0","0","0","0","0","0","1","3"
"1070","1070.txt","non-phishing","llama3","n/d","0","1","8","0","0","0","0","0","0","0","0","0","0","0","0","0","0","0","0","0","0","1","3"
"1071","1071.txt","non-phishing","llama3","n/d","0","1","6","1","1","1","2","1","3","0","0","0","0","0","0","0","0","0","0","0","0","1","3"
"1072","1072.txt","phishing","llama3","n/d","0","1","2","1","1","1","7","0","0","1","1","0","0","0","0","0","0","1","1","0","0","1","2"
"1073","1073.txt","phishing","llama3","n/d","0","1","2","1","1","0","0","0","0","0","0","0","0","0","0","0","0","0","0","0","0","1","3"
"1074","1074.txt","phishing","llama3","n/d","0","1","2","0","0","1","7","0","0","1","2","0","0","0","0","0","0","1","1","0","0","1","2"
"1075","1075.txt","non-phishing","llama3","n/d","0","1","8","0","0","0","0","0","0","0","0","0","0","0","0","0","0","0","0","0","0","1","3"
"1076","1076.txt","non-phishing","llama3","n/d","0","1","6","0","0","0","0","1","2","0","0","0","0","0","0","0","0","0","0","1","1","1","2"
"1077","1077.txt","phishing","llama3","n/d","0","1","10","1","1","0","0","1","1","0","0","0","0","0","0","0","0","0","0","0","0","1","3"
"1078","1078.txt","phishing","llama3","n/d","0","1","6","1","2","0","0","0","0","0","0","0","0","0","0","0","0","0","0","0","0","1","2"
"1079","1079.txt","phishing","llama3","n/d","0","1","8","1","1","1","1","1","1","0","0","1","2","0","0","0","0","0","0","0","0","1","2"
"1080","1080.txt","phishing","llama3","n/d","0","0","0","1","1","1","6","0","0","1","1","0","0","0","0","0","0","1","2","0","0","1","2"
"1081","1081.txt","phishing","llama3","n/d","0","1","10","1","5","0","0","0","0","0","0","0","0","0","0","0","0","0","0","0","0","1","2"
"1082","1082.txt","phishing","llama3","n/d","0","1","2","1","2","1","4","0","0","1","1","0","0","0","0","0","0","1","3","0","0","1","2"
"1083","1083.txt","phishing","llama3","n/d","0","1","10","1","1","0","0","1","1","0","0","0","0","0","0","0","0","0","0","0","0","1","3"
"1084","1084.txt","non-phishing","llama3","n/d","0","1","2","0","0","0","0","0","0","0","0","0","0","0","0","0","0","0","0","0","0","1","2"
"1085","1085.txt","non-phishing","llama3","n/d","0","1","2","0","0","0","0","0","0","0","0","0","0","0","0","0","0","1","1","0","0","1","3"
"1086","1086.txt","non-phishing","llama3","n/d","0","1","6","0","0","0","0","1","1","0","0","0","0","0","0","0","0","0","0","0","0","1","3"
"1087","1087.txt","non-phishing","llama3","n/d","0","1","10","0","0","0","0","0","0","1","1","0","0","0","0","0","0","0","0","0","0","1","3"
"1088","1088.txt","phishing","llama3","n/d","0","1","4","1","2","0","0","1","2","0","0","0","0","0","0","0","0","1","1","0","0","1","3"
"1089","1089.txt","phishing","llama3","n/d","0","1","8","1","4","0","0","0","0","0","0","0","0","0","0","0","0","0","0","0","0","1","2"
"1090","1090.txt","phishing","llama3","n/d","0","1","10","1","1","0","0","1","1","0","0","0","0","0","0","0","0","0","0","0","0","1","3"
"1091","1091.txt","phishing","llama3","n/d","0","1","12","1","3","0","0","0","0","0","0","0","0","0","0","0","0","0","0","0","0","1","3"
"1092","1092.txt","phishing","llama3","n/d","0","1","6","1","1","1","1","0","0","0","0","1","4","0","0","0","0","0","0","0","0","1","2"
"1093","1093.txt","phishing","llama3","n/d","0","1","6","1","2","0","0","0","0","0","0","0","0","0","0","0","0","0","0","0","0","1","2"
"1094","1094.txt","non-phishing","llama3","n/d","0","1","2","0","0","0","0","0","0","0","0","0","0","0","0","0","0","0","0","0","0","1","2"
"1095","1095.txt","phishing","llama3","n/d","0","1","2","1","1","1","6","0","0","1","1","0","0","0","0","0","0","1","2","0","0","1","2"
"1096","1096.txt","phishing","llama3","n/d","0","1","14","1","1","0","0","1","2","0","0","0","0","0","0","0","0","0","0","0","0","1","3"
"1097","1097.txt","non-phishing","llama3","n/d","0","1","8","0","0","0","0","0","0","0","0","0","0","0","0","0","0","0","0","0","0","1","3"
"1098","1098.txt","non-phishing","llama3","n/d","0","1","18","0","0","0","0","1","3","0","0","0","0","0","0","0","0","0","0","0","0","1","3"
"1099","1099.txt","non-phishing","llama3","n/d","0","1","2","0","0","0","0","0","0","0","0","0","0","0","0","0","0","0","0","0","0","1","2"
"1100","1100.txt","phishing","llama3","n/d","0","0","0","1","2","1","5","0","0","1","1","0","0","0","0","0","0","1","1","0","0","1","2"
